,Company,Valuation ($B),Date Joined,Country,City,Industry,Select Investors,Year Joined,Investor_1,Investor_2,Investor_3,Investor_4
0,ByteDance,225.0,2017-04-07,China,Beijing,Media & Entertainment,"Sequoia Capital China, SIG Asia Investments, Sina Weibo, SoftBank Group",2017,Sequoia Capital China, SIG Asia Investments, Sina Weibo, SoftBank Group
1,SpaceX,200.0,2012-12-01,United States,Hawthorne,Industrials,"Founders Fund, Draper Fisher Jurvetson, Rothenberg Ventures",2012,Founders Fund, Draper Fisher Jurvetson, Rothenberg Ventures,
2,OpenAI,80.0,2019-07-22,United States,San Francisco,Enterprise Tech,Khosla Ventures,2019,Khosla Ventures,,,
3,SHEIN,66.0,2018-07-03,Singapore,Sigapore,Consumer & Retail,"Tiger Global Management, Sequoia Capital China, Shunwei Capital Partners",2018,Tiger Global Management, Sequoia Capital China, Shunwei Capital Partners,
4,Stripe,70.0,2014-01-23,United States,San Francisco,Financial Services,"Khosla Ventures, LowercaseCapital, capitalG",2014,Khosla Ventures, LowercaseCapital, capitalG,
5,Revolut,45.0,2018-04-26,United Kingdom,London,Financial Services,"Index Ventures, DST Global, Ribbit Capital",2018,Index Ventures, DST Global, Ribbit Capital,
6,Databricks,43.0,2019-02-05,United States,San Francisco,Enterprise Tech,"Andreessen Horowitz, New Enterprise Associates, Battery Ventures",2019,Andreessen Horowitz, New Enterprise Associates, Battery Ventures,
7,Canva,25.4,2018-01-08,Australia,Surry Hills,Enterprise Tech,"Sequoia Capital China, Blackbird Ventures, Matrix Partners",2018,Sequoia Capital China, Blackbird Ventures, Matrix Partners,
8,Epic Games,22.5,2018-10-26,United States,Cary,Media & Entertainment,"Tencent Holdings, KKR, Smash Ventures",2018,Tencent Holdings, KKR, Smash Ventures,
9,Fanatics,31.0,2012-06-06,United States,Jacksonville,Consumer & Retail,"SoftBank Group, Andreessen Horowitz, Temasek Holdings",2012,SoftBank Group, Andreessen Horowitz, Temasek Holdings,
10,Chime,25.0,2019-03-05,United States,San Francisco,Financial Services,"Forerunner Ventures, Crosslink Capital, Homebrew",2019,Forerunner Ventures, Crosslink Capital, Homebrew,
11,xAI,24.0,2024-05-26,United States,Burlingame,Enterprise Tech,"Sequoia Capital, Andreessen Horowitz, VY Capital",2024,Sequoia Capital, Andreessen Horowitz, VY Capital,
12,CoreWeave,19.0,2023-04-20,United States,Roseland,Enterprise Tech,Magnetar Capital,2023,Magnetar Capital,,,
13,Miro,17.5,2022-01-05,United States,San Francisco,Enterprise Tech,"Accel, AltaIR Capital, Technology Crossover Ventures",2022,Accel, AltaIR Capital, Technology Crossover Ventures,
14,Xiaohongshu,17.0,2016-03-31,China,Shanghai,Media & Entertainment,"GGV Capital, ZhenFund, Tencent",2016,GGV Capital, ZhenFund, Tencent,
15,Anthropic,16.05,2023-02-03,United States,San Francisco,Enterprise Tech,Google,2023,Google,,,
16,Yuanfudao,15.5,2017-05-31,China,Beijing,Consumer & Retail,"Tencent Holdings, Warbug Pincus, IDG Capital",2017,Tencent Holdings, Warbug Pincus, IDG Capital,
17,DJI Innovations,15.0,2015-01-23,China,Shenzhen,Industrials,"Accel Partners, Sequoia Capital",2015,Accel Partners, Sequoia Capital,,
18,Discord,15.0,2018-04-20,United States,San Francisco,Media & Entertainment,"Benchmark, Greylock Partners, Tencent Holdings",2018,Benchmark, Greylock Partners, Tencent Holdings,
19,Gopuff,15.0,2020-10-08,United States,Philadelphia,Consumer & Retail,"Accel, SoftBank Group, Anthos Capital",2020,Accel, SoftBank Group, Anthos Capital,
20,Yuanqi Senlin,15.0,2020-03-01,China,Beijing,Consumer & Retail,"Sequoia Capital China, Longfor Capitalm, Gaorong Capital",2020,Sequoia Capital China, Longfor Capitalm, Gaorong Capital,
21,Ripple,15.0,2019-12-20,United States,San Francisco,Financial Services,"IDG Capital, Venture51, Lightspeed Venture Partners",2019,IDG Capital, Venture51, Lightspeed Venture Partners,
22,Anduril,14.0,2019-09-11,United States,Irvine,Industrials,"Andreessen Horowitz, Founders Fund, Revolution Ventures",2019,Andreessen Horowitz, Founders Fund, Revolution Ventures,
23,Plaid,13.5,2018-12-11,United States,San Francisco,Financial Services,"New Enterprise Associates, Spar Capital, Index Ventures",2018,New Enterprise Associates, Spar Capital, Index Ventures,
24,Rippling,13.5,2020-08-04,United States,San Francisco,Enterprise Tech,"Initialized Capital, Y Combinator, Kleiner Perkins Caufield & Byers",2020,Initialized Capital, Y Combinator, Kleiner Perkins Caufield & Byers,
25,OpenSea,13.3,2021-07-20,United States,New York,Media & Entertainment,"Andreessen Horowitz, Thirty Five Ventures, Sound Ventures",2021,Andreessen Horowitz, Thirty Five Ventures, Sound Ventures,
26,Celonis,13.0,2018-06-26,Germany,Munich,Enterprise Tech,"Accel, 83North",2018,Accel, 83North,,
27,Scale,13.8,2019-08-05,United States,San Francisco,Enterprise Tech,"Accel, Y Combinator, Index Ventures",2019,Accel, Y Combinator, Index Ventures,
28,Grammarly,13.0,2019-10-10,United States,San Francisco,Media & Entertainment,"General Catalyst, Institutional Venture Partners, Breyer Capital",2019,General Catalyst, Institutional Venture Partners, Breyer Capital,
29,Devoted Health,12.9,2018-10-16,United States,Waltham,Healthcare & Life Sciences,"Andreessen Horowitz, F-Prime Capital, Venrock",2018,Andreessen Horowitz, F-Prime Capital, Venrock,
30,Faire,12.59,2019-10-30,United States,San Francisco,Consumer & Retail,"Khosla Ventures, Forerunner Ventures, Sequoia Capital",2019,Khosla Ventures, Forerunner Ventures, Sequoia Capital,
31,Brex,12.3,2018-10-05,United States,San Francisco,Enterprise Tech,"DST Global, Ribbit Capital, Greenoaks Capital Management",2018,DST Global, Ribbit Capital, Greenoaks Capital Management,
32,JUUL Labs,12.0,2017-12-20,United States,San Francisco,Consumer & Retail,Tiger Global Management,2017,Tiger Global Management,,,
33,Wiz,12.0,2021-03-17,Israel,Tel Aviv,Enterprise Tech,"Insight Partners, Sequoia Capital, Index Ventures",2021,Insight Partners, Sequoia Capital, Index Ventures,
34,Bitmain Technologies,12.0,2018-07-06,China,Beijing,Enterprise Tech,"Coatue Management, Sequoia Capital China, IDG Capital",2018,Coatue Management, Sequoia Capital China, IDG Capital,
35,GoodLeap,12.0,2021-10-13,United States,Roseville,Financial Services,"New Enterprise Associates, BDT Capital Partners, Davidson Kempner Capital Management",2021,New Enterprise Associates, BDT Capital Partners, Davidson Kempner Capital Management,
36,Xingsheng Selected,12.0,2020-07-22,China,Changsha,Consumer & Retail,"KKR, Tencent Holdings, Sequoia Capital China",2020,KKR, Tencent Holdings, Sequoia Capital China,
37,Deel,12.0,2021-04-21,United States,San Francisco,Enterprise Tech,"Andreessen Horowitz, Spark Capital, Y Combinator",2021,Andreessen Horowitz, Spark Capital, Y Combinator,
38,Airtable,11.7,2018-11-15,United States,San Francisco,Enterprise Tech,"Caffeinated Capital, CRV, Founder Collective",2018,Caffeinated Capital, CRV, Founder Collective,
39,BYJU's,11.5,2017-07-25,India,Bengaluru,Consumer & Retail,"Tencent Holdings, Lightspeed India Partners, Sequoia Capital India",2017,Tencent Holdings, Lightspeed India Partners, Sequoia Capital India,
40,ZongMu Technology,11.4,2021-06-03,China,Shanghai,Industrials,"LTW Capital, Legend Capital, Qualcomm Ventures",2021,LTW Capital, Legend Capital, Qualcomm Ventures,
41,Global Switch,11.1,2016-12-22,United Kingdom,London,Enterprise Tech,"Aviation Industry Corporation of China, Essence Financial, Jiangsu Sha Steel Group",2016,Aviation Industry Corporation of China, Essence Financial, Jiangsu Sha Steel Group,
42,Checkout.com,11.0,2019-05-02,United Kingdom,London,Financial Services,"Tiger Global Management, Insight Partners, DST Global",2019,Tiger Global Management, Insight Partners, DST Global,
43,Bolt,11.0,2021-10-08,United States,San Francisco,Financial Services,"Activant Capital, Tribe Capital, General Atlantic",2021,Activant Capital, Tribe Capital, General Atlantic,
44,Alchemy,10.2,2021-10-28,United States,San Francisco,Enterprise Tech,"DFJ Growth Fund, Coatue Management, Addition",2021,DFJ Growth Fund, Coatue Management, Addition,
45,Huolala,10.0,2019-02-21,China,Guangzhou,Industrials,"MindWorks Ventures, Shunwei Capital Partners, Xiang He Capital",2019,MindWorks Ventures, Shunwei Capital Partners, Xiang He Capital,
46,Gusto,10.0,2015-12-18,United States,San Francisco,Financial Services,"General Catalyst Partners, Google Ventures, Kleiner Perkins Caufield & Byers",2015,General Catalyst Partners, Google Ventures, Kleiner Perkins Caufield & Byers,
47,Chehaoduo,10.0,2016-03-12,China,Beijing,Consumer & Retail,"Sequoia Capital China, GX Capital",2016,Sequoia Capital China, GX Capital,,
48,Talkdesk,10.0,2018-10-03,United States,San Francisco,Enterprise Tech,"DJF, Salesforce Ventures, Storm Ventures",2018,DJF, Salesforce Ventures, Storm Ventures,
49,Notion,10.0,2020-04-01,United States,San Francisco,Enterprise Tech,"Index Ventures, Draft Ventures, Felicis Ventures",2020,Index Ventures, Draft Ventures, Felicis Ventures,
50,Digital Currency Group,10.0,2021-11-01,United States,New York,Financial Services,"Ribbit Capital, capitalG, Softbank Group",2021,Ribbit Capital, capitalG, Softbank Group,
51,KuCoin,10.0,2022-05-10,Seychelles,Victoria,Financial Services,"IDG Capital, Matrix Partners China, Jump Crypto",2022,IDG Capital, Matrix Partners China, Jump Crypto,
52,ServiceTitan,9.5,2018-11-14,United States,Glendale,Industrials,"Bessemer Venture Partners, ICONIQ Capital, Battery Ventures",2018,Bessemer Venture Partners, ICONIQ Capital, Battery Ventures,
53,HEYTEA,9.28,2019-07-01,China,Shenzhen,Consumer & Retail,"Sequoia Capital China, Tencent Investment, BA Capital",2019,Sequoia Capital China, Tencent Investment, BA Capital,
54,N26,9.23,2019-01-10,Germany,Berlin,Financial Services,"Redalpine Venture Partners, Earlybird Venture Capital, Valar Ventures",2019,Redalpine Venture Partners, Earlybird Venture Capital, Valar Ventures,
55,Navan,9.2,2018-11-08,United States,Palo Alto,Enterprise Tech,"Andreessen Horowitz, Lightspeed Venture Partners, Zeev Ventures",2018,Andreessen Horowitz, Lightspeed Venture Partners, Zeev Ventures,
56,VAST Data,9.1,2020-04-16,United States,New York,Enterprise Tech,"Norwest Venture Partners, Goldman Sachs, Dell Technologies Capital",2020,Norwest Venture Partners, Goldman Sachs, Dell Technologies Capital,
57,Northvolt,9.08,2019-06-12,Sweden,Stockholm,Industrials,"Vattenfall, Volkswagen Group, Goldman Sachs",2019,Vattenfall, Volkswagen Group, Goldman Sachs,
58,Tanium,9.0,2015-03-31,United States,Kirkland,Enterprise Tech,"Andreessen Horowitz, Nor-Cal Invest, TPG Growth",2015,Andreessen Horowitz, Nor-Cal Invest, TPG Growth,
59,Niantic,9.0,2017-11-24,United States,San Francisco,Media & Entertainment,"Nintendo, Google, Pokemon Company International, Spark Capital",2017,Nintendo, Google, Pokemon Company International, Spark Capital
60,OYO Rooms,9.0,2018-09-25,India,Gurugram,Consumer & Retail,"SoftBank Group, Sequoia Capital India, Lightspeed India Partners",2018,SoftBank Group, Sequoia Capital India, Lightspeed India Partners,
61,Rapyd,8.75,2019-12-03,United Kingdom,London,Financial Services,"Target Global, General Catalyst, Durable Capital Partners",2019,Target Global, General Catalyst, Durable Capital Partners,
62,Kavak,8.7,2020-10-01,Mexico,Lerma de Villada,Industrials,"DST Global, SoftBank Group, Mountain Nazca",2020,DST Global, SoftBank Group, Mountain Nazca,
63,Nuro,8.6,2019-02-11,United States,Mountain View,Industrials,"SoftBank Group, Greylock Partners, Gaorong Capital",2019,SoftBank Group, Greylock Partners, Gaorong Capital,
64,Chainalysis,8.6,2020-11-23,United States,New York,Financial Services,"Addition, Benhcmark, Accel",2020,Addition, Benhcmark, Accel,
65,Pony.ai,8.6,2018-07-11,United States,Fremont,Industrials,"Sequoia Capital China, IDG Capital, DCM Ventures",2018,Sequoia Capital China, IDG Capital, DCM Ventures,
66,Personio,8.5,2021-01-19,Germany,Munich,Enterprise Tech,"Global Founders Capital, Nortzone Ventures, Picus Capital",2021,Global Founders Capital, Nortzone Ventures, Picus Capital,
67,SumUp,8.5,2019-07-16,United Kingdom,London,Financial Services,"American Express Ventures, Goldman Sachs, Bain Capital Credit",2019,American Express Ventures, Goldman Sachs, Bain Capital Credit,
68,Bolt,8.4,2018-05-29,Estonia,Tallinn,Industrials,"Didi Chuxing, Diamler, TMT Investments",2018,Didi Chuxing, Diamler, TMT Investments,
69,Tipalti,8.3,2020-10-06,United States,San Mateo,Enterprise Tech,"01 Advisors, Zeev Ventures, Group 11",2020,01 Advisors, Zeev Ventures, Group 11,
70,Swiggy,8.0,2018-06-21,India,Bengaluru,Consumer & Retail,"Accel India, SAIF Partners, Norwest Venture Partners",2018,Accel India, SAIF Partners, Norwest Venture Partners,
71,Dream11,8.0,2019-04-09,India,Mumbai,Media & Entertainment,"Kaalari Capital, Tencent Holdings, Steadview Capital",2019,Kaalari Capital, Tencent Holdings, Steadview Capital,
72,Fireblocks,8.0,2021-07-27,United States,New York,Financial Services,"Tenaya Capital, Coatue Management, Stripes Group",2021,Tenaya Capital, Coatue Management, Stripes Group,
73,Flexport,8.0,2018-04-30,United States,San Francisco,Industrials,"Bloomberg Beta, Founders Fund, First Round Capital",2018,Bloomberg Beta, Founders Fund, First Round Capital,
74,FalconX,8.0,2021-08-10,United States,San Mateo,Financial Services,"Tiger Global Management, American Express Ventures, B Capital Group",2021,Tiger Global Management, American Express Ventures, B Capital Group,
75,Caris,7.83,2021-05-12,United States,Irving,Healthcare & Life Sciences,"Sixth Street Partners, OrbiMed Advisors, Highland Capital Management",2021,Sixth Street Partners, OrbiMed Advisors, Highland Capital Management,
76,Ramp,7.65,2021-03-29,United States,New York,Enterprise Tech,"D1 Capital Partners, Stripe, Coatue Management",2021,D1 Capital Partners, Stripe, Coatue Management,
77,Dapper Labs,7.6,2021-03-30,Canada,Vancouver,Media & Entertainment,"Union Square Ventures, Venrock, Andreessen Horowitz",2021,Union Square Ventures, Venrock, Andreessen Horowitz,
78,Netskope,7.5,2018-11-13,United States,Santa Clara,Enterprise Tech,"Lightspeed Venture Partners, Social Capital, Accel",2018,Lightspeed Venture Partners, Social Capital, Accel,
79,Razorpay,7.5,2020-10-11,India,Bengaluru,Financial Services,"Sequoia Capital India, Tiger Global Management, Matrix Partners India",2020,Sequoia Capital India, Tiger Global Management, Matrix Partners India,
80,Automattic,7.5,2013-05-27,United States,San Francisco,Media & Entertainment,"Insight Venture Partners, Lowercase Capital, Polaris Partners",2013,Insight Venture Partners, Lowercase Capital, Polaris Partners,
81,Carta,7.4,2019-05-06,United States,San Francisco,Financial Services,"Menlo Ventures, Spark Capital, Union Square Ventures",2019,Menlo Ventures, Spark Capital, Union Square Ventures,
82,Snyk,7.4,2020-01-21,United States,Boston,Enterprise Tech,"BOLDstart Ventures, Google Ventures, Accel",2020,BOLDstart Ventures, Google Ventures, Accel,
83,Gong,7.25,2020-08-12,United States,Palo Alto,Enterprise Tech,"Norwest Venture Partners, Next World Capital, Wing Venture Capital",2020,Norwest Venture Partners, Next World Capital, Wing Venture Capital,
84,Gemini,7.1,2021-11-19,United States,New York,Financial Services,"Morgan Creek Digital, Marcy Venture Partners, 10T Fund",2021,Morgan Creek Digital, Marcy Venture Partners, 10T Fund,
85,Blockchain.com,7.0,2021-02-17,United Kingdom,London,Financial Services,"Lightspeed Venture Partners, Google Ventures, Lakestar",2021,Lightspeed Venture Partners, Google Ventures, Lakestar,
86,Toss,7.0,2018-12-09,South Korea,Seoul,Financial Services,"Bessemer Venture Partners, Qualcomm Ventures, Kleiner Perkins Caufield & Byers",2018,Bessemer Venture Partners, Qualcomm Ventures, Kleiner Perkins Caufield & Byers,
87,We Doctor,7.0,2015-09-22,China,Hangzhou,Healthcare & Life Sciences,"Tencent, Morningside Group",2015,Tencent, Morningside Group,,
88,Ro,7.0,2020-07-27,United States,New York,Healthcare & Life Sciences,"Initialized Capital, General Catalyst, SignalFire",2020,Initialized Capital, General Catalyst, SignalFire,
89,ConsenSys,7.0,2021-11-17,United States,New York,Enterprise Tech,"Third Point, Electric Capital, Coinbase Ventures",2021,Third Point, Electric Capital, Coinbase Ventures,
90,Automation Anywhere,6.8,2018-07-02,United States,San Jose,Enterprise Tech,"General Atlantic, Goldman Sachs, New Enterprise Associates",2018,General Atlantic, Goldman Sachs, New Enterprise Associates,
91,1Password,6.8,2021-07-08,Canada,Toronto,Enterprise Tech,"Slack Fund, Accel, Skip Capital",2021,Slack Fund, Accel, Skip Capital,
92,Klarna,6.7,2011-12-12,Sweden,Stockholm,Financial Services,"Institutional Venture Partners, Sequoia Capital, General Atlantic",2011,Institutional Venture Partners, Sequoia Capital, General Atlantic,
93,Ziroom,6.6,2018-01-17,China,Beijing,Consumer & Retail,"Sequoia Capital China, Warburg Pincus, General Catalyst",2018,Sequoia Capital China, Warburg Pincus, General Catalyst,
94,SVOLT,6.51,2020-06-08,China,Changzhou,Industrials,"IDG Capital, Bank Of China Group Investment,, SDIC CMC Investment Management",2020,IDG Capital, Bank Of China Group Investment,, SDIC CMC Investment Management
95,National Stock Exchange of India,6.5,2020-07-01,India,Mumbai,Financial Services,"TA Associates, SoftBank Group, GS Growth",2020,TA Associates, SoftBank Group, GS Growth,
96,Mollie,6.5,2020-09-08,Netherlands,Amsterdam,Financial Services,Technology Crossover Ventures,2020,Technology Crossover Ventures,,,
97,Doctolib,6.4,2019-03-19,France,Paris,Healthcare & Life Sciences,"BPI France, Kerala Ventures, Accel",2019,BPI France, Kerala Ventures, Accel,
98,CRED,6.4,2021-04-06,India,Bengaluru,Financial Services,"Tiger Global Management, DST Global, Sequoia Capital India",2021,Tiger Global Management, DST Global, Sequoia Capital India,
99,DataRobot,6.3,2019-07-29,United States,Boston,Enterprise Tech,"New Enterprise Associates, Accomplice, IA Ventures",2019,New Enterprise Associates, Accomplice, IA Ventures,
100,Upgrade,6.28,2018-02-12,United States,San Francisco,Financial Services,"Union Square Ventures, Ribbit Capital, VY Capital",2018,Union Square Ventures, Ribbit Capital, VY Capital,
101,Mistral AI,6.22,2023-12-10,France,Paris,Enterprise Tech,"Lightspeed Venture Partners, General Catalyst, Andreessen Horowitz",2023,Lightspeed Venture Partners, General Catalyst, Andreessen Horowitz,
102,Hinge Health,6.2,2021-01-06,United States,San Francisco,Healthcare & Life Sciences,"Atomico, Insight Partners, Coatue Management",2021,Atomico, Insight Partners, Coatue Management,
103,Black Unicorn Factory,6.1,2021-05-20,United States,Los Angeles,Enterprise Tech,Barter Ventures,2021,Barter Ventures,,,
104,Benchling,6.1,2021-04-14,United States,San Francisco,Healthcare & Life Sciences,"Thrive Capital, Benchmark, MenloVentures",2021,Thrive Capital, Benchmark, MenloVentures,
105,Grafana Labs,6.0,2021-03-25,United States,New York,Enterprise Tech,"Lightspeed Venture Partners, Lead Edge Capital, Coatue Management",2021,Lightspeed Venture Partners, Lead Edge Capital, Coatue Management,
106,Applied Intuition,6.0,2020-10-22,United States,Sunnyvale,Industrials,"Andreessen Horowitz, Lux Capital, General Catalyst",2020,Andreessen Horowitz, Lux Capital, General Catalyst,
107,Commure,6.0,2021-09-16,United States,San Francisco,Healthcare & Life Sciences,"General Catalyst, HCA Healthcare",2021,General Catalyst, HCA Healthcare,,
108,Royole Corporation,6.0,2015-08-18,China,Shenzhen,Industrials,"Warmsun Holding, IDG Capital Partners",2015,Warmsun Holding, IDG Capital Partners,,
109,iCapital Network,6.0,2021-07-27,United States,New York,Financial Services,"BlackRock, Blackstone, UBS",2021,BlackRock, Blackstone, UBS,
110,6Sense,5.2,2021-03-30,United States,San Francisco,Enterprise Tech,"Venrock, Battery Ventures, Insight Partners",2021,Venrock, Battery Ventures, Insight Partners,
111,Attentive,5.99,2020-09-23,United States,Hoboken,Enterprise Tech,"NextView Ventures, Eniac Ventures, Sequoia Capital",2020,NextView Ventures, Eniac Ventures, Sequoia Capital,
112,Easyhome,5.78,2018-02-12,China,Beijing,Consumer & Retail,"Alibaba Group, Boyu Capital, Borui Capital",2018,Alibaba Group, Boyu Capital, Borui Capital,
113,Lianjia,5.77,2016-04-07,China,Beijing,Financial Services,"Tencent, Baidu, Huasheng Capital",2016,Tencent, Baidu, Huasheng Capital,
114,Workato,5.7,2021-01-12,United States,Mountain View,Enterprise Tech,"Battery Ventures, Storm Ventures, Redpoint Ventures",2021,Battery Ventures, Storm Ventures, Redpoint Ventures,
115,Back Market,5.7,2021-05-18,France,Paris,Consumer & Retail,"Aglae Ventures, Eurazeo, Daphni",2021,Aglae Ventures, Eurazeo, Daphni,
116,RELEX,5.7,2022-02-17,Finland,Helsinki,Consumer & Retail,"Blackstone, Technology Crossover Ventures, Summit Partners",2022,Blackstone, Technology Crossover Ventures, Summit Partners,
117,The Boring Company,5.7,2022-04-20,United States,Pflugerville,Industrials,"VY Capital, 8VC, Craft Ventures",2022,VY Capital, 8VC, Craft Ventures,
118,Postman,5.6,2020-06-11,United States,San Francisco,Enterprise Tech,"Nexus Venture Partners, CRV, Insight Partners",2020,Nexus Venture Partners, CRV, Insight Partners,
119,FiveTran,5.6,2020-06-30,United States,Oakland,Enterprise Tech,"Matrix Partners, Andreessen Horowitz, General Catalyst",2020,Matrix Partners, Andreessen Horowitz, General Catalyst,
120,ContentSquare,5.6,2021-05-25,France,Paris,Enterprise Tech,"Highland Europe, Eurazeo, Canaan Partners",2021,Highland Europe, Eurazeo, Canaan Partners,
121,Helsing,5.37,2023-09-14,Germany,Munchen,Enterprise Tech,,2023,,,,
122,Trade Republic,5.36,2021-05-20,Germany,Berlin,Financial Services,"Founders Fund. Accel, Creandum",2021,Founders Fund. Accel, Creandum,,
123,Rappi,5.25,2018-08-31,Colombia,Bogota,Consumer & Retail,"DST Global, Andreessen Horowitz, Sequoia Capital, Redpoint e.ventures",2018,DST Global, Andreessen Horowitz, Sequoia Capital, Redpoint e.ventures
124,Collibra,5.25,2019-01-29,Belgium,Brussels,Enterprise Tech,"Index Ventures, Battery Ventures, ICONIQ Capital",2019,Index Ventures, Battery Ventures, ICONIQ Capital,
125,OneTrust,4.5,2019-07-11,United States,Atlanta,Enterprise Tech,Insight Partners,2019,Insight Partners,,,
126,QuintoAndar,5.1,2019-09-09,Brazil,Campinas,Financial Services,"Kaszek Ventures, General Atlantic, SoftBank Group",2019,Kaszek Ventures, General Atlantic, SoftBank Group,
127,Monzo,5.2,2018-10-31,United Kingdom,London,Financial Services,"Passion Capital, Thrive Capital, Orange Digital Ventures",2018,Passion Capital, Thrive Capital, Orange Digital Ventures,
128,C6 Bank,5.05,2020-12-02,Brazil,Sao Paulo,Financial Services,Credit Suisse,2020,Credit Suisse,,,
129,Safe Superintelligence,5.0,2024-09-04,United States,San Francisco,Enterprise Tech,"Sequoia Capital, DST Global, Andreessen Horowitz",2024,Sequoia Capital, DST Global, Andreessen Horowitz,
130,Redwood Materials,5.0,2021-07-28,United States,Carson City,Industrials,"Breakthrough Energy Ventures, Capricorn Investment Group, Valor Equity Partners",2021,Breakthrough Energy Ventures, Capricorn Investment Group, Valor Equity Partners,
131,Abnormal Security,5.1,2022-05-10,United States,San Francisco,Enterprise Tech,"Greylock Partners, Insight Partners,Menlo Ventures",2022,Greylock Partners, Insight Partners,Menlo Ventures,
132,Hello TransTech,5.0,2018-06-01,China,Shanghai,Industrials,"Ant Financial Services Group, GGV Capital",2018,Ant Financial Services Group, GGV Capital,,
133,Airwallex,5.5,2019-03-25,Australia,Melbourne,Financial Services,"DST Global, Sequoia Capital China, Tencent Holdings",2019,DST Global, Sequoia Capital China, Tencent Holdings,
134,Mambu,5.5,2021-01-06,Netherlands,Amsterdam,Financial Services,"Runa Capital, Acton Capital Partners, Point Nine Capital",2021,Runa Capital, Acton Capital Partners, Point Nine Capital,
135,Horizon Robotics,5.0,2019-02-27,China,Beijing,Industrials,"Hillhouse Capital Management, Linear Venture, Morningside Venture Capital",2019,Hillhouse Capital Management, Linear Venture, Morningside Venture Capital,
136,Howden Group Holdings,5.0,2020-09-29,United Kingdom,London,Insurance,"General Atlantic, 3i Group, Huagai Capital",2020,General Atlantic, 3i Group, Huagai Capital,
137,SambaNova Systems,5.0,2021-04-13,United States,Palo Alto,Enterprise Tech,"Walden International, Google Ventures, Intel Capital",2021,Walden International, Google Ventures, Intel Capital,
138,ZEPZ,5.0,2021-08-23,United Kingdom,London,Financial Services,"Accel, Technology Crossover Ventures, LeapFrog Investments",2021,Accel, Technology Crossover Ventures, LeapFrog Investments,
139,OakNorth Bank,5.0,2017-10-12,United Kingdom,London,Financial Services,"Clermont Group, Coltrane Asset Management, Toscafund Asset Management",2017,Clermont Group, Coltrane Asset Management, Toscafund Asset Management,
140,Moon Active,5.0,2020-01-26,Israel,Tel Aviv,Media & Entertainment,"Insight Partners, Andalusian Capital Partners",2020,Insight Partners, Andalusian Capital Partners,,
141,OfBusiness,5.0,2021-07-31,India,Gurgaon,Industrials,"Matrix Partners India, Falcon Edge Capital, SoftBank Group",2021,Matrix Partners India, Falcon Edge Capital, SoftBank Group,
142,Cockroach Labs,5.0,2021-01-12,United States,New York,Enterprise Tech,"Google Ventures, Benchmark, FirstMark Capital",2021,Google Ventures, Benchmark, FirstMark Capital,
143,Pine Labs,5.0,2020-01-24,India,Noida,Financial Services,"Sequoia Capital India, Temasek, PayPal Ventures",2020,Sequoia Capital India, Temasek, PayPal Ventures,
144,Qonto,5.0,2022-01-11,France,Paris,Enterprise Tech,"Alven Capital, Valar Ventures, Tencent Holdings",2022,Alven Capital, Valar Ventures, Tencent Holdings,
145,Ola Electric Mobility,5.5,2019-07-02,India,Bengaluru,Industrials,"SoftBank Group, Tiger Global Management, Matrix Partners India",2019,SoftBank Group, Tiger Global Management, Matrix Partners India,
146,Icertis,5.0,2019-07-17,United States,Bellevue,Enterprise Tech,"Eight Roads Ventures, Greycroft, Ignition Partners",2019,Eight Roads Ventures, Greycroft, Ignition Partners,
147,Hopper,5.0,2021-03-24,Canada,Montreal,Consumer & Retail,"Capital One Growth Ventures, Citi Ventures, OMERS Ventures",2021,Capital One Growth Ventures, Citi Ventures, OMERS Ventures,
148,VerSe Innovation,5.0,2020-12-22,India,Bengaluru,Media & Entertainment,"Falcon Edge Capital, Omidyar Network, Sequoia Capital India",2020,Falcon Edge Capital, Omidyar Network, Sequoia Capital India,
149,Lenskart,5.0,2019-12-20,India,Faridabad,Consumer & Retail,"Chiratae Ventures, PremjiInvest, Softbank",2019,Chiratae Ventures, PremjiInvest, Softbank,
150,ShareChat,5.0,2021-04-08,India,Bengaluru,Media & Entertainment,"India Quotient, Elevation Capital, Lightspeed Venture Partners",2021,India Quotient, Elevation Capital, Lightspeed Venture Partners,
151,Coalition,5.0,2021-03-17,United States,San Francisco,Insurance,"Two Sigma Ventures, Flint Capital, Commerce Ventures",2021,Two Sigma Ventures, Flint Capital, Commerce Ventures,
152,Zepto,4.94,2023-08-25,India,Mumbai,Consumer & Retail,"Nexus Venture Partners, Contrary, Global Founders Capital",2023,Nexus Venture Partners, Contrary, Global Founders Capital,
153,Meesho,3.5,2021-04-05,India,Bengaluru,Consumer & Retail,"Venture Highway, Sequoia Capital India, Prosus Ventures",2021,Venture Highway, Sequoia Capital India, Prosus Ventures,
154,Cerebral,4.8,2021-06-10,United States,San Francisco,Healthcare & Life Sciences,"Oak HC/FT Partners, Artis Ventures, WestCap Group",2021,Oak HC/FT Partners, Artis Ventures, WestCap Group,
155,Reify Health,4.8,2021-08-10,United States,Boston,Healthcare & Life Sciences,"Sierra Ventures, Battery Ventures, Asset Management Ventures",2021,Sierra Ventures, Battery Ventures, Asset Management Ventures,
156,Chipone,4.73,2021-12-16,China,Beijing,Industrials,"China Grand Prosperity Investment, Silk Road Huacheng, Oriza Equity Investment",2021,China Grand Prosperity Investment, Silk Road Huacheng, Oriza Equity Investment,
157,BetterUp,4.7,2021-02-25,United States,San Francisco,Enterprise Tech,"Threshold Ventures, Lightspeed Venture Partners, Crosslink Capital",2021,Threshold Ventures, Lightspeed Venture Partners, Crosslink Capital,
158,Pleo,4.7,2021-07-06,Denmark,Copenhagen,Enterprise Tech,"Creandum, Founders, Kinnevik",2021,Creandum, Founders, Kinnevik,
159,SonarSource,4.7,2022-04-26,Switzerland,Geneva,Enterprise Tech,"Advent International,General Catalyst,Insight Partners",2022,Advent International,General Catalyst,Insight Partners,
160,Lyra Health,5.85,2020-08-25,United States,Burlingame,Healthcare & Life Sciences,"Greylock Partners, Venrock, Providence Ventures",2020,Greylock Partners, Venrock, Providence Ventures,
161,Checkr,4.6,2019-09-19,United States,San Francisco,Enterprise Tech,"Y Combinator, Accel, T. Rowe Price",2019,Y Combinator, Accel, T. Rowe Price,
162,Glean,4.6,2022-05-18,United States,Palo Alto,Enterprise Tech,"General Catalyst, Kleiner Perkins Caufield & Byers, Lightspeed Venture Partners",2022,General Catalyst, Kleiner Perkins Caufield & Byers, Lightspeed Venture Partners,
163,Skims,4.0,2021-04-09,United States,Los Angeles,Consumer & Retail,"Thrive Capital, Alliance Consumer Growth, Imaginary Ventures",2021,Thrive Capital, Alliance Consumer Growth, Imaginary Ventures,
164,Color,4.6,2021-01-04,United States,Burlingame,Healthcare & Life Sciences,"General Catalyst, Viking Global Investors, T. Rowe Price",2021,General Catalyst, Viking Global Investors, T. Rowe Price,
165,Lendable,4.58,2021-03-31,United Kingdom,London,Financial Services,"Ontario Teachers' Pension Plan, Goldman Sachs",2021,Ontario Teachers' Pension Plan, Goldman Sachs,,
166,Vinted,4.53,2019-11-27,Lithuania,Vilnius,Consumer & Retail,"Accel, Insight Partners, Burda Principal Investments",2019,Accel, Insight Partners, Burda Principal Investments,
167,VIPKid,4.5,2016-08-04,China,Beijing,Consumer & Retail,"Sequoia Capital China, Tencent Holdings, Sinovation Ventures",2016,Sequoia Capital China, Tencent Holdings, Sinovation Ventures,
168,Socure,4.5,2021-03-16,United States,New York,Financial Services,"Two Sigma Ventures, Flint Capital, Commerce Ventures",2021,Two Sigma Ventures, Flint Capital, Commerce Ventures,
169,wefox,4.5,2019-03-05,Germany,Berlin,Insurance,"Salesforce Ventures, Seedcamp, OMERS Ventures",2019,Salesforce Ventures, Seedcamp, OMERS Ventures,
170,Hugging Face,4.5,2022-05-09,United States,New York,Enterprise Tech,"Betaworks Ventures, Addition, Lux Capital",2022,Betaworks Ventures, Addition, Lux Capital,
171,Outreach,4.4,2019-04-16,United States,Seattle,Enterprise Tech,"Mayfield Fund, M12, Trinity Ventures",2019,Mayfield Fund, M12, Trinity Ventures,
172,Alan,4.46,2021-04-19,France,Paris,Healthcare & Life Sciences,"Index Ventures, Temasek, Portag3 Ventures",2021,Index Ventures, Temasek, Portag3 Ventures,
173,WeRide,4.4,2020-12-23,China,Guangzhou,Industrials,"Atop Capital, IDInvest Partners, Qiming Venture Partners",2020,Atop Capital, IDInvest Partners, Qiming Venture Partners,
174,Guild Education,4.4,2019-11-13,United States,Denver,Enterprise Tech,"General Atlantic, Blackstone, ICONIQ Growth",2019,General Atlantic, Blackstone, ICONIQ Growth,
175,Arctic Wolf Networks,4.3,2020-10-22,United States,Eden Prairie,Enterprise Tech,"Lightspeed Venture Partners, Redpoint Ventures, Viking Global Investors",2020,Lightspeed Venture Partners, Redpoint Ventures, Viking Global Investors,
176,OutSystems,4.3,2018-06-05,United States,Boston,Enterprise Tech,"KKR, ES Ventures, North Bridge Growth Equity",2018,KKR, ES Ventures, North Bridge Growth Equity,
177,Sorare,4.3,2021-09-21,France,Paris,Media & Entertainment,"Benchmark, Accel, SoftBank Group",2021,Benchmark, Accel, SoftBank Group,
178,Zipline,4.2,2019-05-20,United States,South San Francisco,Industrials,"Sequoia Capital, Baillie Gifford & Co., Google Ventures",2019,Sequoia Capital, Baillie Gifford & Co., Google Ventures,
179,Relativity,4.2,2020-11-23,United States,Inglewood,Industrials,"Playground Global, Bond, Tribe Capital",2020,Playground Global, Bond, Tribe Capital,
180,Miaoshou Doctor,4.25,2019-06-27,China,Beijing,Healthcare & Life Sciences,"Sequoia Capital China, Qiming Venture Partners, Tencent Holdings",2019,Sequoia Capital China, Qiming Venture Partners, Tencent Holdings,
181,ThoughtSpot,4.2,2018-05-08,United States,Sunnyvale,Enterprise Tech,"Lightspeed Venture Partners, Khosla Ventures, Geodesic Capital",2018,Lightspeed Venture Partners, Khosla Ventures, Geodesic Capital,
182,Globalization Partners,4.2,2022-01-24,United States,Boston,Enterprise Tech,"Vista Equity Partners, Wincove, TDR Capital",2022,Vista Equity Partners, Wincove, TDR Capital,
183,dbt Labs,4.2,2021-06-30,United States,Philadelphia,Enterprise Tech,"Andreessen Horowitz, Amplify Partners, Sequoia Capital",2021,Andreessen Horowitz, Amplify Partners, Sequoia Capital,
184,SSENSE,4.15,2021-06-08,Canada,Montreal,Consumer & Retail,Sequoia Capital,2021,Sequoia Capital,,,
185,Dataminr,4.1,2018-06-04,United States,New York,Enterprise Tech,"Venrock, Institutional Venture Partners, Goldman Sachs",2018,Venrock, Institutional Venture Partners, Goldman Sachs,
186,BitPanda,4.11,2021-03-16,Austria,Vienna,Financial Services,"Speedinvest, Valar Ventures, Uniqa Ventures",2021,Speedinvest, Valar Ventures, Uniqa Ventures,
187,Weee!,4.1,2021-03-16,United States,Fremont,Consumer & Retail,"Goodwater Capital, iFly, XVC Venture Capital",2021,Goodwater Capital, iFly, XVC Venture Capital,
188,AlphaSense,4.0,2022-06-15,United States,New York,Enterprise Tech,"Viking Global Investors, GS Growth, BlackRock",2022,Viking Global Investors, GS Growth, BlackRock,
189,Skydance Media,4.0,2020-02-11,United States,Santa Monica,Media & Entertainment,"RedBird Capital Partners, CJ ENM, Tencent Holdings",2020,RedBird Capital Partners, CJ ENM, Tencent Holdings,
190,The Brandtech Group,4.0,2019-11-19,United States,New York,Enterprise Tech,Undisclosed,2019,Undisclosed,,,
191,Houzz,4.0,2014-09-30,United States,Palo Alto,Consumer & Retail,"New Enterprise Associates, Sequoia Capital, Comcast Ventures",2014,New Enterprise Associates, Sequoia Capital, Comcast Ventures,
192,Yello Mobile,4.0,2014-11-11,South Korea,Seoul,Consumer & Retail,Formation 8,2014,Formation 8,,,
193,Inflection AI,4.0,2022-05-13,United States,Palo Alto,Enterprise Tech,"Gates Frontier, Greylock Partners, Horizons Ventures",2022,Gates Frontier, Greylock Partners, Horizons Ventures,
194,MEGVII,4.0,2017-10-31,China,Beijing,Enterprise Tech,"Ant Financial Services Group, Russia-China Investment Fund, Foxconn Technology Company",2017,Ant Financial Services Group, Russia-China Investment Fund, Foxconn Technology Company,
195,Greensill,4.0,2018-07-16,United Kingdom,London,Financial Services,"SoftBank Group, General Atlantic",2018,SoftBank Group, General Atlantic,,
196,Impossible Foods,4.0,2019-05-13,United States,Redwood City,Consumer & Retail,"Khosla Ventures, Horizons Ventures, Temasek Holdings",2019,Khosla Ventures, Horizons Ventures, Temasek Holdings,
197,Radiology Partners,4.0,2018-02-26,United States,El Segundo,Healthcare & Life Sciences,"New Enterprise Associates, Starr Investment Holdings",2018,New Enterprise Associates, Starr Investment Holdings,,
198,Next Insurance,4.0,2019-10-07,United States,Palo Alto,Insurance,"Zeev Ventures, Ribbit Capital, TLV Partners",2019,Zeev Ventures, Ribbit Capital, TLV Partners,
199,PointClickCare,4.0,2021-01-07,Canada,Mississauga,Healthcare & Life Sciences,"Dragoneer Investment Group, Hellman & Friedman, JMI Equity",2021,Dragoneer Investment Group, Hellman & Friedman, JMI Equity,
200,Zapier,4.0,2021-01-14,United States,Sunnyvale,Enterprise Tech,"Sequoia Capital, Bessemer Venture Partners, Threshold Ventures",2021,Sequoia Capital, Bessemer Venture Partners, Threshold Ventures,
201,Clubhouse,4.0,2021-01-24,United States,San Francisco,Media & Entertainment,"Andreessen Horowitz, TQ Ventures",2021,Andreessen Horowitz, TQ Ventures,,
202,BrowserStack,4.0,2021-06-16,Ireland,Dublin,Enterprise Tech,"Accel, Insight Partners, Bond Capital",2021,Accel, Insight Partners, Bond Capital,
203,Melio,4.0,2021-01-25,United States,New York,Financial Services,"Accel, Aleph, American Express Ventures",2021,Accel, Aleph, American Express Ventures,
204,Vuori,4.0,2021-10-13,United States,Carlsbad,Consumer & Retail,"SoftBank Group, Norwest Venture Partners",2021,SoftBank Group, Norwest Venture Partners,,
205,ClickUp,4.0,2020-12-15,United States,San Diego,Enterprise Tech,"Georgian Partners, Craft Ventures",2020,Georgian Partners, Craft Ventures,,
206,Cerebras Systems,4.0,2018-11-14,United States,Los Altos,Enterprise Tech,"Benchmark, Foundation Capital, Sequoia Capital",2018,Benchmark, Foundation Capital, Sequoia Capital,
207,Farmers Business Network,4.0,2020-08-03,United States,San Carlos,Industrials,"Blackrock, Kleiner Perkins Caulfield & Byers, Google Ventures",2020,Blackrock, Kleiner Perkins Caulfield & Byers, Google Ventures,
208,Branch,4.0,2018-09-10,United States,Redwood City,Enterprise Tech,"New Enterprise Associates, Pear, Cowboy Ventures",2018,New Enterprise Associates, Pear, Cowboy Ventures,
209,Aurora Solar,4.0,2021-05-24,United States,San Francisco,Industrials,"Fifth Wall Ventures, Energize Ventures, ICONIQ Capital",2021,Fifth Wall Ventures, Energize Ventures, ICONIQ Capital,
210,Webflow,4.0,2021-01-13,United States,San Francisco,Enterprise Tech,"Accel, Silversmith Capital Partners, capitalG",2021,Accel, Silversmith Capital Partners, capitalG,
211,Yuga Labs,4.0,2022-03-22,United States,Miami,Media & Entertainment,"Andreessen Horowitz, Thrive Capital, Sound Ventures",2022,Andreessen Horowitz, Thrive Capital, Sound Ventures,
212,Medlinker,3.92,2018-07-31,China,Chengdu,Healthcare & Life Sciences,"China Health Industry Investment Fund, China Renaissance, and Sequoia Capital China",2018,China Health Industry Investment Fund, China Renaissance, and Sequoia Capital China,
213,StockX,3.8,2019-06-26,United States,Detroit,Consumer & Retail,"Google Ventures, Battery Ventures, DST Global",2019,Google Ventures, Battery Ventures, DST Global,
214,MessageBird,3.8,2020-10-08,Netherlands,Amsterdam,Enterprise Tech,"Y Combinator, Atomico, Accel",2020,Y Combinator, Atomico, Accel,
215,Articulate,3.75,2021-07-01,United States,New York,Enterprise Tech,"Blackstone, ICONIQ Growth, General Atlantic",2021,Blackstone, ICONIQ Growth, General Atlantic,
216,Dutchie,3.75,2021-03-16,United States,Bend,Consumer & Retail,"Casa Verde Capital, Gron Ventures, Thrity Five Ventures",2021,Casa Verde Capital, Gron Ventures, Thrity Five Ventures,
217,Cohesity,3.7,2018-06-11,United States,San Jose,Enterprise Tech,"SoftBank Group, Sequoia Capital, Wing Venture Capital",2018,SoftBank Group, Sequoia Capital, Wing Venture Capital,
218,Dataiku,3.7,2019-12-04,United States,New York,Enterprise Tech,"Alven Capital, FirstMark Capital, capitalG",2019,Alven Capital, FirstMark Capital, capitalG,
219,GOAT,3.7,2020-09-23,United States,Culver City,Consumer & Retail,"Upfront Ventures, Webb Investment Network, D1 Capital Partners",2020,Upfront Ventures, Webb Investment Network, D1 Capital Partners,
220,Noom,3.7,2021-05-24,United States,New York,Healthcare & Life Sciences,"Qualcomm Ventures, Samsung Ventures, Silver Lake",2021,Qualcomm Ventures, Samsung Ventures, Silver Lake,
221,Papaya Global,3.7,2021-03-04,United States,New York,Enterprise Tech,"Bessemer Venture Partners, Insight Partners, New Era Ventures",2021,Bessemer Venture Partners, Insight Partners, New Era Ventures,
222,Abogen,3.7,2021-11-29,China,Suzhou,Healthcare & Life Sciences,"Hillhouse Capital Management, SoftBank Group, Qiming Venture Partners",2021,Hillhouse Capital Management, SoftBank Group, Qiming Venture Partners,
223,Harness,3.7,2021-01-14,United States,San Francisco,Enterprise Tech,"Menlo Ventures, Alkeon Capital Management, Citi Ventures",2021,Menlo Ventures, Alkeon Capital Management, Citi Ventures,
224,Whatnot,3.7,2021-09-16,United States,Marina del Rey,Consumer & Retail,"Y Combinator, Andreessen Horowitz, Wonder Ventures",2021,Y Combinator, Andreessen Horowitz, Wonder Ventures,
225,o9 Solutions,3.7,2020-04-28,United States,Dallas,Enterprise Tech,KKR,2020,KKR,,,
226,Autograph,3.66,2022-01-20,United States,Santa Monica,Media & Entertainment,01 Advisors. Kleiner Perkins Caufield & Byers. Andreessen Horowitz,2022,01 Advisors. Kleiner Perkins Caufield & Byers. Andreessen Horowitz,,,
227,Relativity,3.6,2021-03-18,United States,Chicago,Enterprise Tech,"Silver Lake, ICONIQ Capital",2021,Silver Lake, ICONIQ Capital,,
228,Whoop,3.6,2020-10-28,United States,Boston,Healthcare & Life Sciences,"NextView Ventures, Promus Ventures, Two Sigma Ventures",2020,NextView Ventures, Promus Ventures, Two Sigma Ventures,
229,Course Hero,3.6,2020-02-12,United States,Redwood City,Consumer & Retail,"NewView Capital, Maveron, Ridge Ventures",2020,NewView Capital, Maveron, Ridge Ventures,
230,SpotOn,3.6,2021-05-26,United States,San Francisco,Financial Services,"Dragoneer Investment Group, DST Global, Franklin Templeton",2021,Dragoneer Investment Group, DST Global, Franklin Templeton,
231,Otto Bock HealthCare,3.52,2017-06-24,Germany,Duderstadt,Healthcare & Life Sciences,EQT Partners,2017,EQT Partners,,,
232,Cribl,3.5,2021-08-25,United States,San Francisco,Enterprise Tech,"Institutional Venture Partners, CRV, Sequoia Capital",2021,Institutional Venture Partners, CRV, Sequoia Capital,
233,Indigo Ag,3.5,2017-09-26,United States,Boston,Industrials,"Activant Capital Group, Alaska Permanent Fund, Baillie Gifford & Co.",2017,Activant Capital Group, Alaska Permanent Fund, Baillie Gifford & Co.,
234,eToro,3.5,2023-03-21,United Kingdom,London,Financial Services,"BRM Group, Spark Capital, Social Leverage",2023,BRM Group, Spark Capital, Social Leverage,
235,HyalRoute,3.5,2020-05-26,Singapore,Sigapore,Industrials,Kuang-Chi,2020,Kuang-Chi,,,
236,Rec Room,3.5,2021-03-23,United States,Seattle,Media & Entertainment,"First Round Capital, Sequoia Capital, Index Ventures",2021,First Round Capital, Sequoia Capital, Index Ventures,
237,Mirakl,3.5,2020-09-22,France,Paris,Consumer & Retail,"Elaia Partners, 83North, Felix Capital",2020,Elaia Partners, 83North, Felix Capital,
238,Tekion,4.0,2020-10-21,United States,San Ramon,Industrials,"Airbus Ventures, Index Ventures, Advent International",2020,Airbus Ventures, Index Ventures, Advent International,
239,GoStudent,3.5,2021-06-22,Austria,Vienna,Consumer & Retail,"DN Capital, Left Lane Capital, Coatue Management",2021,DN Capital, Left Lane Capital, Coatue Management,
240,Highspot,3.5,2021-02-22,United States,Seattle,Enterprise Tech,"Madrona Venture Group, Shasta Ventures, Salesforce Ventures",2021,Madrona Venture Group, Shasta Ventures, Salesforce Ventures,
241,Handshake,3.5,2021-05-12,United States,San Francisco,Enterprise Tech,"Kleiner Perkins Caufield & Byers, Lightspeed Venture Partners, True Ventures",2021,Kleiner Perkins Caufield & Byers, Lightspeed Venture Partners, True Ventures,
242,ChargeBee Technologies,3.5,2021-04-20,United States,San Francisco,Financial Services,"Insight Partners, Tiger Global Management, Accel",2021,Insight Partners, Tiger Global Management, Accel,
243,Flock Safety,3.5,2021-07-13,United States,Atlanta,Consumer & Retail,"Matrix Partners, Initialized Capital, Tiger Global Management",2021,Matrix Partners, Initialized Capital, Tiger Global Management,
244,Helion Energy,3.5,2021-11-05,United States,Redmond,Industrials,"Mithril Capital Management, Y Combinator, Capricorn Investment Group",2021,Mithril Capital Management, Y Combinator, Capricorn Investment Group,
245,Unacademy,3.44,2020-09-02,India,Bengaluru,Consumer & Retail,"Blume Ventures, Nexus Venture Partners, Sequoia Capital India",2020,Blume Ventures, Nexus Venture Partners, Sequoia Capital India,
246,Odoo,3.43,2021-07-29,Belgium,Louvain-la-Neuve,Enterprise Tech,"Summit Partners, Noshaq, Sofinnova Partners",2021,Summit Partners, Noshaq, Sofinnova Partners,
247,MoonPay,3.4,2021-11-22,United States,Miami,Financial Services,"New Enterprise Associates, Coatue Management, Tiger Global Management",2021,New Enterprise Associates, Coatue Management, Tiger Global Management,
248,Upstox,3.4,2021-11-29,India,Mumbai,Financial Services,"Tiger Global Management, Kalaari Capital",2021,Tiger Global Management, Kalaari Capital,,
249,Improbable,3.36,2017-05-11,United Kingdom,London,Media & Entertainment,"Andreessen Horowitz, SoftBank Group, Temasek Holdings",2017,Andreessen Horowitz, SoftBank Group, Temasek Holdings,
250,Youxia Motors,3.35,2018-04-02,China,Shanghai,Industrials,"China Environmental Protection Industry, China Fortune Ocean",2018,China Environmental Protection Industry, China Fortune Ocean,,
251,Starburst,3.35,2021-01-06,United States,Boston,Enterprise Tech,"Index Ventures, Coatue Management, Andreessen Horowitz",2021,Index Ventures, Coatue Management, Andreessen Horowitz,
252,Moonshot AI,3.3,2024-02-19,China,Beijing,Consumer & Retail,"HongShan, Jinfu Investment, ZhenFund",2024,HongShan, Jinfu Investment, ZhenFund,
253,Sila,3.3,2019-04-16,United States,Alameda,Industrials,"Bessemer Venture Partners, Sutter Hill Ventures, Matrix Partners",2019,Bessemer Venture Partners, Sutter Hill Ventures, Matrix Partners,
254,Komodo Health,3.3,2020-05-22,United States,San Francisco,Healthcare & Life Sciences,"Andreessen Horowitz, IA Ventures, Felicis Ventures",2020,Andreessen Horowitz, IA Ventures, Felicis Ventures,
255,Kurly,3.3,2021-07-09,South Korea,Seoul,Consumer & Retail,"Sequoia Capital China, DST Global, DST Global",2021,Sequoia Capital China, DST Global, DST Global,
256,Cars24,3.3,2020-11-24,India,Gurgaon,Industrials,"Moore Strategic Ventures, DST Global, Sequoia Capital India",2020,Moore Strategic Ventures, DST Global, Sequoia Capital India,
257,Spring Health,3.3,2021-09-16,United States,New York,Healthcare & Life Sciences,"Rethink Impact, Work-Bench, RRE Ventures",2021,Rethink Impact, Work-Bench, RRE Ventures,
258,BlockDaemon,3.25,2021-09-21,United States,Los Angeles,Financial Services,"BOLDstart Ventures, Lerer Hippeau, Kenetic Capital",2021,BOLDstart Ventures, Lerer Hippeau, Kenetic Capital,
259,Bilt Rewards,3.25,2022-10-25,United States,New York,Financial Services,"Camber Creek, Kairos HQ, Fifth Wall Ventures",2022,Camber Creek, Kairos HQ, Fifth Wall Ventures,
260,Vercel,3.25,2021-06-23,United States,San Francisco,Enterprise Tech,"CRV, Accel, Google Ventures",2021,CRV, Accel, Google Ventures,
261,Dadi Cinema,3.24,2016-05-11,China,Shenzhen,Media & Entertainment,Alibaba Pictures Group,2016,Alibaba Pictures Group,,,
262,Aiven,3.21,2021-10-18,Finland,Helsinki,Enterprise Tech,"Institutional Venture Partners, Atomico, Earlybird Venture Capital",2021,Institutional Venture Partners, Atomico, Earlybird Venture Capital,
263,Thumbtack,3.2,2015-09-29,United States,San Francisco,Consumer & Retail,"Tiger Global, Sequoia Capital, Google Capital",2015,Tiger Global, Sequoia Capital, Google Capital,
264,Cedar,3.2,2021-03-09,United States,New York,Healthcare & Life Sciences,"Thrive Capital, Founders Fund, Cocnord Health Partners",2021,Thrive Capital, Founders Fund, Cocnord Health Partners,
265,Eruditus Executive Education,3.2,2021-08-12,India,Mumbai,Enterprise Tech,"Sequoia Capital India, Softbank, Bertelsmann India Investments",2021,Sequoia Capital India, Softbank, Bertelsmann India Investments,
266,Blockstream,3.2,2021-08-24,Canada,Vancouver,Financial Services,"AME Cloud Ventures, Future Perfect Ventures, Blockchain Capital",2021,AME Cloud Ventures, Future Perfect Ventures, Blockchain Capital,
267,Innovaccer,3.2,2021-02-19,United States,San Francisco,Healthcare & Life Sciences,"M12, WestBridge Capital, Lightspeed Venture Partners",2021,M12, WestBridge Capital, Lightspeed Venture Partners,
268,Ironclad,3.2,2022-01-18,United States,Sacramento,Enterprise Tech,"Accel, Sequoia Capital, Y Combinator",2022,Accel, Sequoia Capital, Y Combinator,
269,Eikon Therapeutics,3.2,2022-01-06,United States,Hayward,Healthcare & Life Sciences,"The Column Group, Foresite Capital, Foresite Capital",2022,The Column Group, Foresite Capital, Foresite Capital,
270,Retool,3.2,2021-12-22,United States,San Francisco,Enterprise Tech,Sequoia Capital,2021,Sequoia Capital,,,
271,Verkada,3.2,2020-01-29,United States,San Mateo,Industrials,"next47, First Round Capital, Sequoia Capital",2020,next47, First Round Capital, Sequoia Capital,
272,PsiQuantum,3.15,2021-07-27,United States,Palo Alto,Enterprise Tech,"Playground Global, M12, BlackRock",2021,Playground Global, M12, BlackRock,
273,HighRadius,3.1,2020-01-07,United States,Houston,Financial Services,"Susquehanna Growth Equity, Citi Ventures, ICONIQ Capital",2020,Susquehanna Growth Equity, Citi Ventures, ICONIQ Capital,
274,Nuvemshop,3.1,2021-08-17,Brazil,Sao Paulo,Consumer & Retail,"Kaszek Ventures, Qualcomm Ventures, Accel",2021,Kaszek Ventures, Qualcomm Ventures, Accel,
275,LayerZero Labs,3.0,2022-03-30,United States,New York,Enterprise Tech,"Andreessen Horowitz, FTX Ventures, Tiger Global Management",2022,Andreessen Horowitz, FTX Ventures, Tiger Global Management,
276,Clio,3.0,2021-04-27,Canada,Burnaby,Enterprise Tech,"OMERS Private Equity, T. Rowe Price, Technology Crossover Ventures",2021,OMERS Private Equity, T. Rowe Price, Technology Crossover Ventures,
277,Zhipu AI,3.0,2023-09-20,China,Beijing,Enterprise Tech,"Qiming Venture Partners, Legend Capital, Jiangmen Venture Capital",2023,Qiming Venture Partners, Legend Capital, Jiangmen Venture Capital,
278,Island,3.0,2022-03-23,United States,Dallas,Enterprise Tech,"Insight Partners, Sequoia Capital, Stripes Group",2022,Insight Partners, Sequoia Capital, Stripes Group,
279,Nord Security,3.0,2022-04-07,Lithuania,Vilnius,Enterprise Tech,"General Catalyst, BaltCap, Novator Partners",2022,General Catalyst, BaltCap, Novator Partners,
280,Yixia,3.0,2015-11-24,China,Beijing,Media & Entertainment,"Sequoia Capital China, Sina Weibo, Kleiner Perkins Caufield & Byers, Redpoint Ventures",2015,Sequoia Capital China, Sina Weibo, Kleiner Perkins Caufield & Byers, Redpoint Ventures
281,Traveloka,3.0,2017-01-01,Indonesia,Jakarta,Consumer & Retail,"Global Founders Capital, East Ventures, Expedia Inc.",2017,Global Founders Capital, East Ventures, Expedia Inc.,
282,Monad Labs,3.0,2024-04-09,United States,New York,Financial Services,"HTX Ventures, Electric Capital, Coinbase Ventures",2024,HTX Ventures, Electric Capital, Coinbase Ventures,
283,SouChe Holdings,3.0,2017-11-01,China,Hangzhou,Industrials,"Morningside Ventures, Warburg Pincus, CreditEase Fintech Investment Fund",2017,Morningside Ventures, Warburg Pincus, CreditEase Fintech Investment Fund,
284,BGL Group,3.0,2017-11-24,United Kingdom,Peterborough,Insurance,CPP Investment Board,2017,CPP Investment Board,,,
285,Circle,3.0,2018-05-15,United States,Boston,Financial Services,"General Catalyst, Digital Currency Group, Accel",2018,General Catalyst, Digital Currency Group, Accel,
286,Zuoyebang,3.0,2018-07-18,China,Beijing,Consumer & Retail,"Sequoia Capital China, Xiang He Capital, GGV Capital",2018,Sequoia Capital China, Xiang He Capital, GGV Capital,
287,FlixMobility,3.0,2019-07-18,Germany,Munich,Industrials,"Holtzbrinck Ventures, Unternehmertum Venture Capital, General Atlantic",2019,Holtzbrinck Ventures, Unternehmertum Venture Capital, General Atlantic,
288,Wildlife Studios,3.0,2019-12-05,Brazil,Sao Paulo,Media & Entertainment,"Benchmark, Bessemer Venture Partners",2019,Benchmark, Bessemer Venture Partners,,
289,ApplyBoard,3.2,2020-05-05,Canada,Kitchener,Consumer & Retail,"Artiman Ventures, Plug and Play Ventures, Anthos Capital",2020,Artiman Ventures, Plug and Play Ventures, Anthos Capital,
290,Forter,3.0,2020-11-19,United States,New York,Enterprise Tech,"Sequoia Capital Israel, Scale Venture Partners, Commerce Ventures",2020,Sequoia Capital Israel, Scale Venture Partners, Commerce Ventures,
291,Calendly,3.0,2021-01-26,United States,Atlanta,Enterprise Tech,"ICONIQ Capital, OpenView Venture Partners",2021,ICONIQ Capital, OpenView Venture Partners,,
292,BlockFi,3.0,2021-03-11,United States,Jersey City,Financial Services,"ConsenSys Ventures, Valar Ventures, PUC",2021,ConsenSys Ventures, Valar Ventures, PUC,
293,ActiveCampaign,3.0,2021-04-21,United States,Chicago,Enterprise Tech,"Silversmith Capital Partners, Susquehanna Growth Equity, Tiger Global Management",2021,Silversmith Capital Partners, Susquehanna Growth Equity, Tiger Global Management,
294,CMR Surgical,3.0,2019-09-17,United Kingdom,Cambridge,Healthcare & Life Sciences,"Cambridge Innovation Capital, LGT Capital Partners, Escala Capital",2019,Cambridge Innovation Capital, LGT Capital Partners, Escala Capital,
295,Lucid Software,3.0,2021-06-29,United States,South Jordan,Enterprise Tech,"Spectrum Equity, ICONIQ Capital, Grayhawk Capital",2021,Spectrum Equity, ICONIQ Capital, Grayhawk Capital,
296,Age of Learning,3.0,2016-05-03,United States,Glendale,Consumer & Retail,Iconiq Capital,2016,Iconiq Capital,,,
297,Carbon Health,3.0,2021-07-21,United States,San Francisco,Healthcare & Life Sciences,"Brookfield Asset Management, Blackstone, Data Collective",2021,Brookfield Asset Management, Blackstone, Data Collective,
298,Contentful,3.0,2021-07-28,Germany,Berlin,Enterprise Tech,"Balderton Capital, General Catalyst, Tiger Global Management",2021,Balderton Capital, General Catalyst, Tiger Global Management,
299,LaunchDarkly,3.0,2021-08-10,United States,Oakland,Enterprise Tech,"Uncork Capital, Threshold Ventures, Bloomberg Beta",2021,Uncork Capital, Threshold Ventures, Bloomberg Beta,
300,Seismic,3.0,2018-12-18,United States,San Diego,Enterprise Tech,"Jackson Square Ventures, General Atlantic, Lightspeed Venture Partners",2018,Jackson Square Ventures, General Atlantic, Lightspeed Venture Partners,
301,Sky Mavis,3.0,2021-10-04,Vietnam,Ho Chi Minh City,Media & Entertainment,"Fabric Ventures, 500 Global, Standard Crypto",2021,Fabric Ventures, 500 Global, Standard Crypto,
302,Outschool,3.0,2021-04-14,United States,San Francisco,Consumer & Retail,"Uniion Square Ventures, Tiger Global Management, Lightspeed Venture Capital",2021,Uniion Square Ventures, Tiger Global Management, Lightspeed Venture Capital,
303,TradingView,3.0,2021-10-14,United States,Westerville,Financial Services,"Tiger Global Management, Insight Partners, Jump Capital",2021,Tiger Global Management, Insight Partners, Jump Capital,
304,Groww,3.0,2021-04-07,India,Bengaluru,Financial Services,"Tiger Global Management, Sequoia Capital India, Ribbit Capital",2021,Tiger Global Management, Sequoia Capital India, Ribbit Capital,
305,Podium,3.0,2020-04-07,United States,Lehi,Consumer & Retail,"Accel, Summit Partners, Google Ventures",2020,Accel, Summit Partners, Google Ventures,
306,Via,3.5,2020-03-30,United States,New York,Industrials,"83North, RiverPark Ventures, Pitango Venture Capital",2020,83North, RiverPark Ventures, Pitango Venture Capital,
307,Anchorage Digital,3.0,2021-12-15,United States,San Francisco,Financial Services,"Andreessen Horowitz, Blockchain Capital, Lux Capital",2021,Andreessen Horowitz, Blockchain Capital, Lux Capital,
308,Inxeption,3.0,2022-01-13,United States,San Francisco,Industrials,"Coatue Management, BMO Capital, Schonfeld Strategic Advisors",2022,Coatue Management, BMO Capital, Schonfeld Strategic Advisors,
309,Lattice,3.0,2021-03-23,United States,San Francisco,Enterprise Tech,"Khosla Ventures, Thrive Capital, Y Combinator",2021,Khosla Ventures, Thrive Capital, Y Combinator,
310,Flutterwave,3.0,2021-03-09,United States,San Francisco,Financial Services,"Green Visor Capital, CRE Venture Capital, Greycroft",2021,Green Visor Capital, CRE Venture Capital, Greycroft,
311,Amber Group,3.0,2021-06-21,Singapore,Sigapore,Financial Services,"Tiger Global Management, Tiger Brokers, DCM Ventures",2021,Tiger Global Management, Tiger Brokers, DCM Ventures,
312,Cross River Bank,3.0,2022-02-11,United States,Fort Lee,Financial Services,"Battery Ventures, Andreessen Horowitz, Ribbit Capital",2022,Battery Ventures, Andreessen Horowitz, Ribbit Capital,
313,Remote,3.0,2021-07-13,United States,San Francisco,Enterprise Tech,"Index Ventures, Sequoia Capital, General Catalyst",2021,Index Ventures, Sequoia Capital, General Catalyst,
314,Sentry,3.0,2021-02-18,United States,San Francisco,Enterprise Tech,"New Enterprise Associates, Accel, Bond",2021,New Enterprise Associates, Accel, Bond,
315,TERMINUS Technology,2.96,2018-10-25,China,Beijing,Industrials,"China Everbright Limited, IDG Capital, iFLYTEK",2018,China Everbright Limited, IDG Capital, iFLYTEK,
316,Kraken,2.92,2019-06-25,United States,San Francisco,Financial Services,"Bnk To The Future, Trammell Ventures, SBI Investment",2019,Bnk To The Future, Trammell Ventures, SBI Investment,
317,Workrise,2.9,2019-09-30,United States,Austin,Industrials,"Founders Fund, Quantum Energy Partners, Bedrock Capital",2019,Founders Fund, Quantum Energy Partners, Bedrock Capital,
318,BharatPe,2.85,2021-07-30,India,New Delhi,Financial Services,"Insight Partners, Sequoia Capital India, BEENEXT",2021,Insight Partners, Sequoia Capital India, BEENEXT,
319,Gokin Solar,2.88,2022-04-13,China,Zhuhai,Industrials,"IDG Capital, Puluo Capital, Midea Capital",2022,IDG Capital, Puluo Capital, Midea Capital,
320,DriveWealth,2.85,2021-08-20,United States,Chatham,Financial Services,"Point72 Ventures, Route 66 Ventures, Accel",2021,Point72 Ventures, Route 66 Ventures, Accel,
321,Meicai,2.8,2016-06-22,China,Beijing,Consumer & Retail,"Tiger Global Management, Blue Lake Capital, ZhenFund",2016,Tiger Global Management, Blue Lake Capital, ZhenFund,
322,Nutrabolt,2.79,2022-12-08,United States,Austin,Consumer & Retail,MidOcean Partners,2022,MidOcean Partners,,,
323,Baichuan AI,2.77,2024-07-25,China,Haidian,Enterprise Tech,"Shenzhen Capital Group, Shunwei Capital",2024,Shenzhen Capital Group, Shunwei Capital,,
324,Illumio,2.75,2015-04-14,United States,Sunnyvale,Enterprise Tech,"Data Collective, Formation 8, General Catalyst Partners",2015,Data Collective, Formation 8, General Catalyst Partners,
325,MasterClass,2.75,2021-05-13,United States,San Francisco,Media & Entertainment,"Institutional Venture Partners, New Enterprise Associates, Javelin Venture Partners",2021,Institutional Venture Partners, New Enterprise Associates, Javelin Venture Partners,
326,Dream Games,2.75,2021-06-30,Turkey,Istanbul,Media & Entertainment,"Makers Fund, Index Ventures, Inova Ventures Participacees",2021,Makers Fund, Index Ventures, Inova Ventures Participacees,
327,Transmit Security,2.74,2021-06-22,Israel,Tel Aviv,Enterprise Tech,"General Atlantic, Insight Partners, Vintage Investment Partners",2021,General Atlantic, Insight Partners, Vintage Investment Partners,
328,Hozon Auto,3.95,2022-02-22,China,Shanghai,Industrials,"HD Capital, Qihoo 360 Technology, China Fortune Land Development",2022,HD Capital, Qihoo 360 Technology, China Fortune Land Development,
329,Tradeshift,2.7,2018-05-30,United States,San Francisco,Enterprise Tech,"Notion Capital, Scentan Ventures, Kite Ventures",2018,Notion Capital, Scentan Ventures, Kite Ventures,
330,Nextiva,2.7,2021-09-14,United States,Scottsdale,Enterprise Tech,Goldman Sachs Asset Management,2021,Goldman Sachs Asset Management,,,
331,Tridge,2.7,2022-08-24,South Korea,Seoul,Industrials,"Forest Partners, Softbank Ventures Asia",2022,Forest Partners, Softbank Ventures Asia,,
332,Thought Machine,2.7,2021-11-29,United Kingdom,London,Financial Services,"British Patient Capital, SEB Venture Capital, IQ Capital",2021,British Patient Capital, SEB Venture Capital, IQ Capital,
333,Starling Bank,2.69,2021-03-08,United Kingdom,London,Financial Services,"JTC Group, Qatar Investment Authority, Fidelity Investment",2021,JTC Group, Qatar Investment Authority, Fidelity Investment,
334,Figure,2.68,2024-02-23,United States,Sunnyvale,Industrials,"Intel Capital, Parkway VC, Amazon Industrial Innovation Fund",2024,Intel Capital, Parkway VC, Amazon Industrial Innovation Fund,
335,BackBase,2.66,2022-06-09,Netherlands,Amsterdam,Financial Services,Motive Partners,2022,Motive Partners,,,
336,ManoMano,2.6,2021-07-05,France,Paris,Consumer & Retail,"General Atlantic, Piton Capital, Partech Partners",2021,General Atlantic, Piton Capital, Partech Partners,
337,Sourcegraph,2.62,2021-07-13,United States,San Francisco,Enterprise Tech,"Redpoint Ventures, Goldcrest Capital, Insight Partners",2021,Redpoint Ventures, Goldcrest Capital, Insight Partners,
338,Pendo,2.6,2019-10-17,United States,Raleigh,Enterprise Tech,"Contour Venture Partners, Battery Ventures, Core Capital Partners",2019,Contour Venture Partners, Battery Ventures, Core Capital Partners,
339,Plume,2.6,2021-02-23,United States,Palo Alto,Industrials,"Insight Partners, Jackson Square Ventures, Liberty Gloval Ventures",2021,Insight Partners, Jackson Square Ventures, Liberty Gloval Ventures,
340,Moglix,2.6,2021-05-17,Singapore,Sigapore,Industrials,"Jungle Ventures, Accel, Venture Highway",2021,Jungle Ventures, Accel, Venture Highway,
341,Axonius,2.6,2021-03-01,United States,New York,Enterprise Tech,"Vertex Ventures Israel, Bessemer Venture Partners, Emerge",2021,Vertex Ventures Israel, Bessemer Venture Partners, Emerge,
342,Xinchao Media,2.0,2018-04-09,China,Chengdu,Media & Entertainment,"JD.com, Baidu, Vision Plus Capital",2018,JD.com, Baidu, Vision Plus Capital,
343,JumpCloud,2.62,2021-09-13,United States,Louisville,Enterprise Tech,"Foundry Group, General Atlantic, BlackRock",2021,Foundry Group, General Atlantic, BlackRock,
344,Unico,2.6,2021-08-03,Brazil,Sao Paulo,Enterprise Tech,"Big Bets, General Atlantic, SOFTBANK Latin America Ventures",2021,Big Bets, General Atlantic, SOFTBANK Latin America Ventures,
345,Bending Spoons,2.55,2024-02-15,Italy,Milan,Consumer & Retail,"Durable Capital Partners, Adjacent, Creator Partners",2024,Durable Capital Partners, Adjacent, Creator Partners,
346,Oura,2.55,2022-04-05,Finland,Oulu,Healthcare & Life Sciences,"Forerunner Ventures, Lifeline Ventures, MSD Capital",2022,Forerunner Ventures, Lifeline Ventures, MSD Capital,
347,JUST Egg,2.59,2017-11-30,United States,San Francisco,Consumer & Retail,"Khosla Ventures, Horizons Ventures, Founders Fund",2017,Khosla Ventures, Horizons Ventures, Founders Fund,
348,Groq,2.5,2021-04-14,United States,Mountain View,Enterprise Tech,"TDK Ventures, Social Capital, D1 Capital Partners",2021,TDK Ventures, Social Capital, D1 Capital Partners,
349,Jetti Resources,2.5,2022-10-24,United States,Boulder,Industrials,"BMW i Ventures, BHP Ventures",2022,BMW i Ventures, BHP Ventures,,
350,Claroty,2.5,2021-06-17,United States,New York,Enterprise Tech,"Bessemer Venture Partners, MoreVC, Team8",2021,Bessemer Venture Partners, MoreVC, Team8,
351,Vista Global,2.5,2017-08-23,United Arab Emirates,Dubai,Industrials,Rhone Capital,2017,Rhone Capital,,,
352,BYTON,2.5,2018-04-20,China,Nanjing,Industrials,"FAW Group, Tencent Holdings, Tus Holdings",2018,FAW Group, Tencent Holdings, Tus Holdings,
353,Side,2.5,2021-03-22,United States,San Francisco,Financial Services,"Coatue Managemeny, Trinity Ventures, Matrix Partners",2021,Coatue Managemeny, Trinity Ventures, Matrix Partners,
354,Infra.Market,2.5,2021-02-25,India,Thane,Industrials,"Accel, Tiger Global Management, Nexus Venture Partners",2021,Accel, Tiger Global Management, Nexus Venture Partners,
355,Varo Bank,2.5,2021-09-09,United States,San Francisco,Financial Services,"Warburg Pincus, The Rise Fund, HarbourVest Partners",2021,Warburg Pincus, The Rise Fund, HarbourVest Partners,
356,Cato Networks,3.0,2020-11-17,Israel,Tel Aviv,Enterprise Tech,"Aspect Ventures, SingTel Innov8, Greylock Partners",2020,Aspect Ventures, SingTel Innov8, Greylock Partners,
357,Sword Health,3.0,2021-11-22,United States,New York,Healthcare & Life Sciences,"Khosla Ventures, Green Innovations, Founders Fund",2021,Khosla Ventures, Green Innovations, Founders Fund,
358,Aura,2.5,2021-06-09,United States,Burlington,Consumer & Retail,"Warburg Pincus, General Catalyst",2021,Warburg Pincus, General Catalyst,,
359,Sysdig,2.5,2021-04-28,United States,San Francisco,Enterprise Tech,"Accel, Bain Capital Ventures, Insight Partners",2021,Accel, Bain Capital Ventures, Insight Partners,
360,Zetwerk,2.8,2021-08-20,India,Bengaluru,Industrials,"Sequoia Capital India, Kae Capital, Accel",2021,Sequoia Capital India, Kae Capital, Accel,
361,Uniphore,2.5,2022-02-16,United States,Palo Alto,Enterprise Tech,"Chiratae Ventures, March Capital Partners, National Grid Partners",2022,Chiratae Ventures, March Capital Partners, National Grid Partners,
362,Somatus,2.5,2022-02-23,United States,McLean,Healthcare & Life Sciences,"The Blue Venture Fund, Flare Capital Partners, Longitude Capital",2022,The Blue Venture Fund, Flare Capital Partners, Longitude Capital,
363,Immutable,2.5,2022-03-07,Australia,Sydney,Media & Entertainment,"Fabric Ventures, AirTree Ventures, Temasek",2022,Fabric Ventures, AirTree Ventures, Temasek,
364,SiFive,2.5,2022-03-16,United States,San Mateo,Enterprise Tech,"Sutter Hill Ventures, Osage University Partners, Spark Capital",2022,Sutter Hill Ventures, Osage University Partners, Spark Capital,
365,Games24x7,2.5,2022-03-30,India,Mumbai,Media & Entertainment,"Tiger Global Management, The Raine Group, Malabar Investments",2022,Tiger Global Management, The Raine Group, Malabar Investments,
366,Fetch,2.5,2021-03-31,United States,Madison,Consumer & Retail,"Greycroft, Loeb.NYC, DST Global",2021,Greycroft, Loeb.NYC, DST Global,
367,Coda Payments,2.5,2022-04-15,Singapore,Sigapore,Financial Services,"GIC. Apis Partners, Insight Partners",2022,GIC. Apis Partners, Insight Partners,,
368,DriveNets,2.5,2021-01-27,Israel,Ra'anana,Enterprise Tech,"Bessemer Venture Partners, Pitango Venture Capital, D1 Capital Partners",2021,Bessemer Venture Partners, Pitango Venture Capital, D1 Capital Partners,
369,Hibob,2.45,2021-10-12,Israel,Tel Aviv,Enterprise Tech,"Bessemer Venture Partners, Eight Roads Ventures, Battery Ventures",2021,Bessemer Venture Partners, Eight Roads Ventures, Battery Ventures,
370,Vanta,2.45,2022-06-07,United States,San Francisco,Enterprise Tech,"Craft Ventures, Sequoia Capital, Verissimo Ventures",2022,Craft Ventures, Sequoia Capital, Verissimo Ventures,
371,Uala,2.45,2021-08-13,Argentina,Buenos Aires,Financial Services,"Soros Fund Management, Ribbit Capital, Monashees+",2021,Soros Fund Management, Ribbit Capital, Monashees+,
372,Mobile Premier League,2.45,2021-09-15,India,Bengaluru,Media & Entertainment,"Sequoia Capital India, RTP Global, Go-Ventures",2021,Sequoia Capital India, RTP Global, Go-Ventures,
373,insitro,2.44,2021-03-15,United States,South San Francisco,Healthcare & Life Sciences,"Foresite Capital, ARCH Venture Partners, Third Rock Ventures",2021,Foresite Capital, ARCH Venture Partners, Third Rock Ventures,
374,Cgtz,2.41,2017-02-21,China,Hangzhou,Financial Services,"Shunwei Capital Partners, China Media Group, Guangzhou Huiyin Aofeng Equity Investment Fund",2017,Shunwei Capital Partners, China Media Group, Guangzhou Huiyin Aofeng Equity Investment Fund,
375,Star Charge,2.41,2021-05-19,China,Changzhou,Industrials,"Shunwei Capital Partners, China Media Group, Guangzhou Huiyin Aofeng Equity Investment Fund",2021,Shunwei Capital Partners, China Media Group, Guangzhou Huiyin Aofeng Equity Investment Fund,
376,Carbon,2.4,2015-08-20,United States,Redwood City,Industrials,"Google Ventures, Sequoia Capital, Wakefield Group",2015,Google Ventures, Sequoia Capital, Wakefield Group,
377,Rokt,2.4,2021-12-16,United States,New York,Consumer & Retail,"Square Peg Capital, TDM Growth Partners, Tiger Global Management",2021,Square Peg Capital, TDM Growth Partners, Tiger Global Management,
378,Paxos,2.4,2021-04-29,United States,New York,Financial Services,"Liberty City Ventures, RRE Ventures, Mithril Capital Management",2021,Liberty City Ventures, RRE Ventures, Mithril Capital Management,
379,BitSight Technologies,2.4,2021-09-13,United States,Boston,Enterprise Tech,"Menlo Ventures, GGV Capital, Flybridge Capital Partners",2021,Menlo Ventures, GGV Capital, Flybridge Capital Partners,
380,Trumid,2.4,2020-07-15,United States,New York,Financial Services,"T. Rowe Price, Dragoneer Investment Group, BlackRock",2020,T. Rowe Price, Dragoneer Investment Group, BlackRock,
381,ABL Space Systems,2.4,2021-03-25,United States,El Segundo,Industrials,"T. Rowe Price, Lockheed Martin Ventures, Fidelity Investment",2021,T. Rowe Price, Lockheed Martin Ventures, Fidelity Investment,
382,HoneyBook,2.4,2021-05-04,United States,San Francisco,Enterprise Tech,"Norwest Venture Partners, Hillsven Capital, Aleph",2021,Norwest Venture Partners, Hillsven Capital, Aleph,
383,Beta Technologies,2.4,2022-04-19,United States,South Burlington,Industrials,"The Rise Fund, Fidelity Investments. RedBird Capital Partners",2022,The Rise Fund, Fidelity Investments. RedBird Capital Partners,,
384,Project44,2.62,2021-06-01,United States,Chicago,Enterprise Tech,"Emergence Capital Partners, 8VC, Chicago Ventures",2021,Emergence Capital Partners, 8VC, Chicago Ventures,
385,Freenome,2.62,2020-08-26,United States,South San Francisco,Healthcare & Life Sciences,"Andreessen Horowitz, Data Collective, Roche Venture Fund",2020,Andreessen Horowitz, Data Collective, Roche Venture Fund,
386,ManyPets,2.35,2021-06-01,United Kingdom,London,Insurance,"Octopus Ventures, Munich Re Ventures, CommerzVentures",2021,Octopus Ventures, Munich Re Ventures, CommerzVentures,
387,Jobandtalent,2.35,2021-12-01,Spain,Madrid,Enterprise Tech,"Kibo Ventures, SoftBank Group, Atomico",2021,Kibo Ventures, SoftBank Group, Atomico,
388,WEMAKEPRICE,2.34,2015-09-09,South Korea,Seoul,Consumer & Retail,"IMM Investment, NXC",2015,IMM Investment, NXC,,
389,Biren Technology,2.32,2020-08-18,China,Shanghai,Enterprise Tech,"V FUND, IDG Capital, Green Pine Capital Partners",2020,V FUND, IDG Capital, Green Pine Capital Partners,
390,Transcarent,2.2,2022-01-11,United States,San Francisco,Healthcare & Life Sciences,"Alta Partners, General Catalyst, Jove Equity Partners",2022,Alta Partners, General Catalyst, Jove Equity Partners,
391,Voodoo,2.31,2020-08-17,France,Paris,Media & Entertainment,"Tencent Holdings, Goldman Sachs",2020,Tencent Holdings, Goldman Sachs,,
392,Shield AI,2.8,2021-08-24,United States,San Diego,Industrials,"Andreessen Horowitz, Homebrew, Point72 Ventures",2021,Andreessen Horowitz, Homebrew, Point72 Ventures,
393,PhysicsWallah,2.8,2022-06-07,India,Uttar Pradesh,Consumer & Retail,"GSV Ventures, WestBridge Capital",2022,GSV Ventures, WestBridge Capital,,
394,Uptake,2.3,2015-10-27,United States,Chicago,Industrials,"Revolution, New Enterprise Associates, Caterpillar",2015,Revolution, New Enterprise Associates, Caterpillar,
395,Motive,2.85,2019-04-23,United States,San Francisco,Industrials,"Google Ventures, Index Ventures, Scale Venture Partners",2019,Google Ventures, Index Ventures, Scale Venture Partners,
396,Greenlight,2.3,2020-09-24,United States,Atlanta,Financial Services,"Relay Ventures, TTV Capital, Canapi Ventures",2020,Relay Ventures, TTV Capital, Canapi Ventures,
397,MoMo,2.27,2021-12-10,Vietnam,Ho Chi Minh City,Financial Services,"Goodwater Capital, Warburg Pincus, GS Growth",2021,Goodwater Capital, Warburg Pincus, GS Growth,
398,Story Protocol,2.25,2024-08-21,United States,Bellevue,Media & Entertainment,"A16z Crypto, Andreessen Horowitz, Two Small Fish Ventures",2024,A16z Crypto, Andreessen Horowitz, Two Small Fish Ventures,
399,Algolia,2.25,2021-07-28,United States,San Francisco,Enterprise Tech,"Accel, Alven Capital, Storm Ventures",2021,Accel, Alven Capital, Storm Ventures,
400,Pattern,2.25,2021-10-06,United States,Lehi,Consumer & Retail,"Knox Lane, Ainge Advisory, Carlson Private Capital Partners",2021,Knox Lane, Ainge Advisory, Carlson Private Capital Partners,
401,Newfront Insurance,2.2,2022-04-12,United States,San Francisco,Insurance,"Founders Fund, Meritech Capital Partners, GS Growth",2022,Founders Fund, Meritech Capital Partners, GS Growth,
402,NuCom Group,2.2,2018-02-22,Germany,Unterfoehring,Consumer & Retail,General Atlantic,2018,General Atlantic,,,
403,Skydio,2.2,2021-02-25,United States,Redwood City,Industrials,"Andreessen Horowitz, Andreessen Horowitz, Institutional Venture Partners, Accel",2021,Andreessen Horowitz, Andreessen Horowitz, Institutional Venture Partners, Accel
404,MUSINSA,2.76,2019-11-11,South Korea,Seoul,Consumer & Retail,Sequoia Capital,2019,Sequoia Capital,,,
405,Current,2.2,2021-04-27,United States,New York,Financial Services,"Expa, QED Investors, Foundation Capital",2021,Expa, QED Investors, Foundation Capital,
406,Bitso,2.2,2021-05-05,Mexico,Mexico City,Financial Services,"Pantera Capital, QED Investors, Coinbase Ventures",2021,Pantera Capital, QED Investors, Coinbase Ventures,
407,Gympass,2.4,2019-06-12,United States,New York,Healthcare & Life Sciences,"General Atlantic, SoftBank Group, Atomico",2019,General Atlantic, SoftBank Group, Atomico,
408,Dialpad,2.2,2020-10-06,United States,San Francisco,Enterprise Tech,"Andreessen Horowitz, Google Ventures, Section 32",2020,Andreessen Horowitz, Google Ventures, Section 32,
409,G7 Networks,2.2,2022-02-15,China,Beijing,Industrials,"Eastern Bell Capital 32, SDIC CMC Investment Management, Trustbridge Partners",2022,Eastern Bell Capital 32, SDIC CMC Investment Management, Trustbridge Partners,
410,BloomReach,2.2,2022-02-23,United States,Mountain View,Consumer & Retail,"Bain Capital Ventures, Sixth Street Growth, Lightspeed Venture Partners",2022,Bain Capital Ventures, Sixth Street Growth, Lightspeed Venture Partners,
411,Motif FoodWorks,2.2,2021-06-16,United States,Boston,Industrials,"General Atlantic, Breakthrough Energy Ventures, Viking Global Investors",2021,General Atlantic, Breakthrough Energy Ventures, Viking Global Investors,
412,Accelerant,2.4,2022-01-12,United Kingdom,Colchester,Insurance,"Deer Park Road, Altamont Capital Partners, Eldridge",2022,Deer Park Road, Altamont Capital Partners, Eldridge,
413,YITU Technology,2.17,2018-03-08,China,Shanghai,Enterprise Tech,"Sequoia Capital China, Banyan Capital",2018,Sequoia Capital China, Banyan Capital,,
414,Addepar,2.17,2021-06-15,United States,Mountain View,Financial Services,"8VC, D1 Capital Partners, Sway Ventures",2021,8VC, D1 Capital Partners, Sway Ventures,
415,Qualia,2.17,2020-12-21,United States,San Francisco,Financial Services,"8VC, Menlo Ventures, Tiger Global Management",2020,8VC, Menlo Ventures, Tiger Global Management,
416,Neo4j,2.0,2021-06-17,United States,San Mateo,Enterprise Tech,"Eight Roads Ventures, One Peak Partners, Creandum",2021,Eight Roads Ventures, One Peak Partners, Creandum,
417,CloudWalk,2.15,2021-09-08,Brazil,Sao Paulo,Financial Services,"Plug and Play Ventures, Valor Capital Group, DST Global",2021,Plug and Play Ventures, Valor Capital Group, DST Global,
418,Xaira Therapeutics,2.15,2024-04-23,United States,San Francisco,Healthcare & Life Sciences,"ARCH Venture Partners, Foresite Capital, Two Sigma Ventures",2024,ARCH Venture Partners, Foresite Capital, Two Sigma Ventures,
419,CoinDCX,2.15,2021-08-10,India,Maharashtra,Financial Services,"Polychain Capital, Coinbase Ventures, Jump Capital",2021,Polychain Capital, Coinbase Ventures, Jump Capital,
420,Eightfold,2.1,2020-10-27,United States,Santa Clara,Enterprise Tech,"Foundation Capital, Institutional Venture Partners, General Catalyst",2020,Foundation Capital, Institutional Venture Partners, General Catalyst,
421,Urban Company,2.1,2021-04-27,India,Gurgaon,Consumer & Retail,"VY Capital, Accel, Elevation Capital",2021,VY Capital, Accel, Elevation Capital,
422,Moveworks,2.1,2021-06-30,United States,Mountain View,Enterprise Tech,"Lightspeed Venture Partners, Sapphire Ventures, Kleiner Perkins Caufield & Byers",2021,Lightspeed Venture Partners, Sapphire Ventures, Kleiner Perkins Caufield & Byers,
423,Medable,2.1,2021-10-26,United States,Palo Alto,Healthcare & Life Sciences,"GSR Ventures, Sapphire Ventures, Streamlined Ventures",2021,GSR Ventures, Sapphire Ventures, Streamlined Ventures,
424,GoCardless,2.1,2022-02-08,United Kingdom,London,Financial Services,"Accel, Passion Capital, Balderton Capital",2022,Accel, Passion Capital, Balderton Capital,
425,Aledade,3.5,2021-01-19,United States,Bethesda,Healthcare & Life Sciences,"Venrock, CVF Capital Partners, ARCH Venture Partners",2021,Venrock, CVF Capital Partners, ARCH Venture Partners,
426,A24 Films,3.5,2022-03-09,United States,New York,Media & Entertainment,"Stripes Group, Neuberger Berman",2022,Stripes Group, Neuberger Berman,,
427,Forto,2.1,2021-06-21,Germany,Berlin,Industrials,"Cherry Ventures, Northzone Ventures, Global Founders Capital",2021,Cherry Ventures, Northzone Ventures, Global Founders Capital,
428,Jeeves,2.1,2022-03-14,United States,Orlando,Enterprise Tech,"Tencent Holdings, CRV, Clocktower Technology Ventures",2022,Tencent Holdings, CRV, Clocktower Technology Ventures,
429,Viva Wallet,2.05,2022-12-17,Greece,Athens,Financial Services,"Breyer Capital, Hedosophia",2022,Breyer Capital, Hedosophia,,
430,DeepL,2.0,2023-01-11,Germany,Cologne,Enterprise Tech,"Benchmark, btov Partners, Bessemer Venture Partners",2023,Benchmark, btov Partners, Bessemer Venture Partners,
431,Cognition AI,2.0,2024-04-24,United States,San Francisco,Enterprise Tech,"Founders Fund, Khosla Ventures",2024,Founders Fund, Khosla Ventures,,
432,Babel Finance,2.0,2022-05-25,Hong Kong,Hong Kong,Financial Services,"Dragonfly Capital, BAI Capital, 10T Fund",2022,Dragonfly Capital, BAI Capital, 10T Fund,
433,Trendy Group International,2.0,2012-02-13,Hong Kong,Kowloon,Consumer & Retail,L Capital Partners,2012,L Capital Partners,,,
434,GrubMarket,2.0,2021-09-14,United States,San Francisco,Consumer & Retail,"GGV Capital, BlackRock, ACE & Company",2021,GGV Capital, BlackRock, ACE & Company,
435,BeZero,2.0,2022-11-14,United Kingdom,London,Enterprise Tech,"Contrarian Ventures, Molten Ventures, Hitachi Ventures 32",2022,Contrarian Ventures, Molten Ventures, Hitachi Ventures 32,
436,Cohere,2.0,2023-05-02,Canada,Toronto,Enterprise Tech,"Index Ventures, Salesforce Ventures, Section 32",2023,Index Ventures, Salesforce Ventures, Section 32,
437,GO1,2.0,2021-07-19,Australia,Brisbane,Enterprise Tech,"Y Combinator, M12, SEEK",2021,Y Combinator, M12, SEEK,
438,Clear Street,2.0,2022-04-29,United States,New York,Financial Services,"NextGen Venture Partners, Prysm Capital, McLaren Strategic Ventures",2022,NextGen Venture Partners, Prysm Capital, McLaren Strategic Ventures,
439,Drata,2.0,2021-11-08,United States,San Diego,Enterprise Tech,"Cowboy Ventures, Leaders Fund, GGV Capital",2021,Cowboy Ventures, Leaders Fund, GGV Capital,
440,Mysten Labs,2.0,2022-09-08,United States,San Francisco,Enterprise Tech,"Andreessen Horowitz, Coinbase Ventures, Circle Ventures",2022,Andreessen Horowitz, Coinbase Ventures, Circle Ventures,
441,Avant,2.0,2012-12-17,United States,Chicago,Financial Services,"RRE Ventures, Tiger Global, August Capital",2012,RRE Ventures, Tiger Global, August Capital,
442,Tubatu.com,2.0,2015-03-09,China,Shenzhen,Consumer & Retail,"Sequoia Capital China, Matrix Partners China, 58.com",2015,Sequoia Capital China, Matrix Partners China, 58.com,
443,BlaBlaCar,2.0,2015-09-16,France,Paris,Consumer & Retail,"Accel Partners, Index Ventures, Insight Venture Partners",2015,Accel Partners, Index Ventures, Insight Venture Partners,
444,HuiMin,2.0,2016-09-05,China,Beijing,Consumer & Retail,"Zheshang Venture Capital, GP Capital, Western Capital Management",2016,Zheshang Venture Capital, GP Capital, Western Capital Management,
445,Preferred Networks,2.0,2018-05-17,Japan,Tokyo,Industrials,"Toyota Motor Corporation, Mizuho Financial Group, FANUC",2018,Toyota Motor Corporation, Mizuho Financial Group, FANUC,
446,Formlabs,2.0,2018-08-01,United States,Somerville,Industrials,"Pitango Venture Capital, DFJ Growth Fund, Foundry Group",2018,Pitango Venture Capital, DFJ Growth Fund, Foundry Group,
447,Calm,2.0,2019-02-06,United States,San Francisco,Healthcare & Life Sciences,"Insight Venture Partners, TPG Growth, Sound Ventures",2019,Insight Venture Partners, TPG Growth, Sound Ventures,
448,Kaseya,2.0,2019-03-27,United States,Miami,Enterprise Tech,"Insight Partners, TPG Alternative & Renewable Technologies, Ireland Strategic Investment Fund",2019,Insight Partners, TPG Alternative & Renewable Technologies, Ireland Strategic Investment Fund,
449,Mafengwo,2.0,2019-05-23,China,Beijing,Consumer & Retail,"Qiming Venture Partners, Capital Today, General Atlantic",2019,Qiming Venture Partners, Capital Today, General Atlantic,
450,Druva,2.0,2019-06-20,United States,Sunnyvale,Enterprise Tech,"Nexus Venture Partners, Tenaya Capital, Sequoia Capital",2019,Nexus Venture Partners, Tenaya Capital, Sequoia Capital,
451,Kujiale,2.0,2019-10-25,China,Hangzhou,Consumer & Retail,"GGV Capital, IDG Capital, Linear Venture",2019,GGV Capital, IDG Capital, Linear Venture,
452,AppsFlyer,2.0,2020-01-21,United States,San Francisco,Enterprise Tech,"Magma Venture Partners, Pitango Venture Capital, Qumra Capital",2020,Magma Venture Partners, Pitango Venture Capital, Qumra Capital,
453,Redis,2.0,2020-08-25,United States,Mountain View,Enterprise Tech,"Viola Ventures, Dell Technologies Capital, Bain Capital Ventures",2020,Viola Ventures, Dell Technologies Capital, Bain Capital Ventures,
454,Xingyun Group,2.0,2020-09-24,China,Shenzhen,Consumer & Retail,"Matrix Partners China, Eastern Bell Capital, Hongtai Capital Holdings",2020,Matrix Partners China, Eastern Bell Capital, Hongtai Capital Holdings,
455,Unqork,2.0,2020-10-06,United States,New York,Insurance,"Blackrock, capitalG, World Lab Innovation",2020,Blackrock, capitalG, World Lab Innovation,
456,Virta Health,2.0,2020-12-02,United States,San Francisco,Healthcare & Life Sciences,"Caffeinated Capital, Obvious Ventures, Venrock",2020,Caffeinated Capital, Obvious Ventures, Venrock,
457,ISN,2.0,2020-12-17,United States,Dallas,Industrials,Blackstone,2020,Blackstone,,,
458,Earnix,2.0,2021-02-21,Israel,Giv'atayim,Insurance,"Jerusalem Venture Partners, Israel Growth Partners, Insight Partners",2021,Jerusalem Venture Partners, Israel Growth Partners, Insight Partners,
459,Clearco,2.0,2021-04-20,Canada,Toronto,Financial Services,"Highland Capital Partners, Oak HC/FT Partners, Emergence Capital Partners",2021,Highland Capital Partners, Oak HC/FT Partners, Emergence Capital Partners,
460,Hive,2.0,2021-04-21,United States,San Francisco,Enterprise Tech,"Tomales Bay Capital, Bain & Company, General Catalyst",2021,Tomales Bay Capital, Bain & Company, General Catalyst,
461,Kry,2.0,2021-04-27,Sweden,Stockholm,Healthcare & Life Sciences,"Index Ventures, Creandum, Accel",2021,Index Ventures, Creandum, Accel,
462,Kajabi,2.0,2021-05-04,United States,Irvine,Media & Entertainment,"Meritech Capital Partners, Tiger Global Management, Spectrum Equity",2021,Meritech Capital Partners, Tiger Global Management, Spectrum Equity,
463,Ethos,2.7,2021-05-11,United States,San Francisco,Insurance,"Sequoia Capital, Google Ventures, Accel",2021,Sequoia Capital, Google Ventures, Accel,
464,PayFit,2.1,2022-01-06,United Kingdom,London,Enterprise Tech,"Accel, frst, Kima Ventures",2022,Accel, frst, Kima Ventures,
465,Beisen,2.0,2021-05-11,China,Beijing,Enterprise Tech,"Matrix Partners China, Sequoia Capital China, Genesis Capital",2021,Matrix Partners China, Sequoia Capital China, Genesis Capital,
466,Pipe,2.0,2021-05-19,United States,Miami,Financial Services,"next47, MaC Venture Capital, FinVC",2021,next47, MaC Venture Capital, FinVC,
467,Iterable,2.0,2021-06-15,United States,San Francisco,Enterprise Tech,"CRV, Blue Cloud Ventures, Index Ventures",2021,CRV, Blue Cloud Ventures, Index Ventures,
468,Astronergy,1.82,2023-07-25,China,Haining,Industrials,,2023,,,,
469,Bunq,1.8,2021-06-18,Netherlands,Amsterdam,Financial Services,Undisclosed,2021,Undisclosed,,,
470,Quest Global,1.8,2023-08-08,Sigapore,Singapore,Industrials,,2023,,,,
471,Clip,2.0,2021-06-10,Mexico,Mexico City,Financial Services,"Alta Ventures Mexico, General Atlantic, SoftBank Group",2021,Alta Ventures Mexico, General Atlantic, SoftBank Group,
472,Loggi,2.0,2019-06-05,Brazil,Sao Paulo,Industrials,"Qualcomm Ventures, SoftBank Group. Monashees+",2019,Qualcomm Ventures, SoftBank Group. Monashees+,,
473,MURAL,2.0,2021-07-20,United States,San Francisco,Enterprise Tech,"Insight Partners, Tiger Global Management, Gradient Ventures",2021,Insight Partners, Tiger Global Management, Gradient Ventures,
474,OCSiAl,2.0,2019-03-04,Luxembourg,Leudelange,Industrials,"A&NN, Rusnano",2019,A&NN, Rusnano,,
475,Divvy Homes,2.0,2021-08-13,United States,San Francisco,Financial Services,"Andreessen Horowitz, Caffeinated Capital, SciFi VC",2021,Andreessen Horowitz, Caffeinated Capital, SciFi VC,
476,Apeel Sciences,2.0,2020-05-26,United States,Goleta,Consumer & Retail,"Upfront Ventures, Tao Capital Partners, Andreessen Horowitz",2020,Upfront Ventures, Tao Capital Partners, Andreessen Horowitz,
477,Opay,2.0,2021-08-23,Nigeria,Lagos,Financial Services,"Sequoia Capital China, Source Code Capital, Redpoint Ventures China",2021,Sequoia Capital China, Source Code Capital, Redpoint Ventures China,
478,Aviatrix,2.0,2021-09-08,United States,Santa Clara,Enterprise Tech,"Ignition Partners, Formation 8, CRV",2021,Ignition Partners, Formation 8, CRV,
479,SmartNews,2.0,2019-08-05,Japan,Tokyo,Media & Entertainment,"Japan Post Capital, Globis Capital Partners, Atomico",2019,Japan Post Capital, Globis Capital Partners, Atomico,
480,Misfits Market,2.0,2021-04-21,United States,Pennsauken,Consumer & Retail,"Accel, D1 Capita Partners, Greenoaks Capital Management",2021,Accel, D1 Capita Partners, Greenoaks Capital Management,
481,Advance Intelligence Group,2.0,2021-09-23,Singapore,Sigapore,Financial Services,"Vision Plus Capital, GSR Ventures, ZhenFund",2021,Vision Plus Capital, GSR Ventures, ZhenFund,
482,Modern Treasury,2.0,2021-10-06,United States,San Francisco,Financial Services,"Benchmark, Altimeter Capital, Quiet Capital",2021,Benchmark, Altimeter Capital, Quiet Capital,
483,Magic Leap,2.0,2014-10-21,United States,Plantation,Enterprise Tech,"Obvious Ventures, Qualcomm Ventures, Andreessen Horowitz",2014,Obvious Ventures, Qualcomm Ventures, Andreessen Horowitz,
484,ClickHouse,2.0,2021-10-28,United States,Portola Valley,Enterprise Tech,"Lightspeed Venture Partners, Almaz Capital Partners, Altimeter Capital",2021,Lightspeed Venture Partners, Almaz Capital Partners, Altimeter Capital,
485,Everlaw,2.0,2020-03-10,United States,Oakland,Enterprise Tech,"K9 Ventures, Menlo Ventures, Andreessen Horowitz",2020,K9 Ventures, Menlo Ventures, Andreessen Horowitz,
486,Zilch,2.0,2021-11-10,United Kingdom,London,Financial Services,"Gauss Ventures, Ventura Capital, dmg ventures",2021,Gauss Ventures, Ventura Capital, dmg ventures,
487,VerbIT,2.0,2021-06-08,United States,New York,Enterprise Tech,"ClalTech, Vertex Ventures, Oryzn Capital",2021,ClalTech, Vertex Ventures, Oryzn Capital,
488,StarkWare,8.0,2021-11-17,Israel,Netanya,Enterprise Tech,"Sequoia Capital, Paradigm, Pantera Capital",2021,Sequoia Capital, Paradigm, Pantera Capital,
489,Netlify,2.0,2021-11-17,United States,San Francisco,Enterprise Tech,"Andreessen Horowitz, Kleiner Perkins Caufield & Byers, EQT Ventures",2021,Andreessen Horowitz, Kleiner Perkins Caufield & Byers, EQT Ventures,
490,LTK,2.0,2021-11-22,United States,Dallas,Media & Entertainment,"SoftBank Group, Maverick Capital",2021,SoftBank Group, Maverick Capital,,
491,Trax,2.0,2019-07-22,Singapore,Sigapore,Consumer & Retail,"Hopu Investment Management, Boyu Capital, DC Thomson Ventures",2019,Hopu Investment Management, Boyu Capital, DC Thomson Ventures,
492,Exotec,2.0,2022-01-17,France,Croix,Industrials,"Breega Capital, Iris Capital, 360 Capital Partners",2022,Breega Capital, Iris Capital, 360 Capital Partners,
493,Dremio,2.0,2021-01-06,United States,Santa Clara,Enterprise Tech,"Lightspeed Venture Partners, Redpoint Ventures, Norwest Venture Partners",2021,Lightspeed Venture Partners, Redpoint Ventures, Norwest Venture Partners,
494,Akulaku,2.0,2022-02-15,Indonesia,Jakarta,Financial Services,"DCM Ventures, IDG Capital, Siam Commercial Bank",2022,DCM Ventures, IDG Capital, Siam Commercial Bank,
495,Cloudinary,2.0,2022-02-15,United States,Santa Clara,Media & Entertainment,"Blackstone, Bessemer Venture Partners",2022,Blackstone, Bessemer Venture Partners,,
496,Lunar,2.0,2021-07-12,Denmark,Aarhus,Financial Services,"SEED Capital, Greyhound Capital, Socii Capital",2021,SEED Capital, Greyhound Capital, Socii Capital,
497,UpGrad,2.25,2021-08-09,India,Mumbai,Consumer & Retail,"Qualcomm Ventures, Accel, Canaan Partners",2021,Qualcomm Ventures, Accel, Canaan Partners,
498,Salsify,2.0,2022-04-13,United States,Boston,Consumer & Retail,"Matrix Partners, North Bridge Venture Partners, Venrock",2022,Matrix Partners, North Bridge Venture Partners, Venrock,
499,CertiK,2.0,2022-03-31,United States,New York,Enterprise Tech,"Tiger Global Management, Lightspeed Venture Partners, Hillhouse Capital Management",2022,Tiger Global Management, Lightspeed Venture Partners, Hillhouse Capital Management,
500,ROX Motor,2.0,2022-04-29,China,Shanghai,Industrials,"Sequoia Capital China, IDG Capital, Qiming Venture Partners",2022,Sequoia Capital China, IDG Capital, Qiming Venture Partners,
501,Devo Technology,2.0,2021-10-26,United States,Cambridge,Enterprise Tech,"Insight Partners, Kibo Ventures, Bessemer Venture Partners",2021,Insight Partners, Kibo Ventures, Bessemer Venture Partners,
502,ShiftKey,2.0,2023-01-11,United States,Dallas,Healthcare & Life Sciences,Health Velocity Capital,2023,Health Velocity Capital,,,
503,Rimac Automobili,2.0,2022-06-01,Croatia,Sveta Nedelja,Industrials,"Porsche, InvestIndustrial, SoftBank Group",2022,Porsche, InvestIndustrial, SoftBank Group,
504,Geek+,2.0,2018-11-21,China,Beijing,Industrials,"Volcanics Ventures, Vertex Ventures China, Warburg Pincus",2018,Volcanics Ventures, Vertex Ventures China, Warburg Pincus,
505,21.co,2.0,2022-09-06,United States,New York,Financial Services,"Quiet Ventures, ETFS Capital, Collab+Currency",2022,Quiet Ventures, ETFS Capital, Collab+Currency,
506,Solugen,2.0,2021-09-10,United States,Houston,Industrials,"Fifty Years Fund, Refactor Capital, Temasek",2021,Fifty Years Fund, Refactor Capital, Temasek,
